dataset,filename,severity,spatial_score,global_cast_score,mean_delta_e,input_path,gt_path
U90,10909.png,Severe,10.999726295471191,11.295907974243164,17.265361785888672,/data2/users/zhangxu/ISP/6_UIR/Datasets/U90/input/10909.png,/data2/users/zhangxu/ISP/6_UIR/Datasets/U90/GT/10909.png
U90,10945.png,Severe,17.91791343688965,29.36741065979004,34.4365119934082,/data2/users/zhangxu/ISP/6_UIR/Datasets/U90/input/10945.png,/data2/users/zhangxu/ISP/6_UIR/Datasets/U90/GT/10945.png
U90,11052.png,Mild,5.640902042388916,14.572860717773438,16.418907165527344,/data2/users/zhangxu/ISP/6_UIR/Datasets/U90/input/11052.png,/data2/users/zhangxu/ISP/6_UIR/Datasets/U90/GT/11052.png
U90,11064.png,Severe,11.72004508972168,17.806081771850586,20.7197322845459,/data2/users/zhangxu/ISP/6_UIR/Datasets/U90/input/11064.png,/data2/users/zhangxu/ISP/6_UIR/Datasets/U90/GT/11064.png
U90,11374.png,Moderate,7.842672348022461,12.270857810974121,16.331314086914062,/data2/users/zhangxu/ISP/6_UIR/Datasets/U90/input/11374.png,/data2/users/zhangxu/ISP/6_UIR/Datasets/U90/GT/11374.png
U90,11398.png,Moderate,9.186657905578613,15.420634269714355,18.745437622070312,/data2/users/zhangxu/ISP/6_UIR/Datasets/U90/input/11398.png,/data2/users/zhangxu/ISP/6_UIR/Datasets/U90/GT/11398.png
U90,1225.png,Mild,5.728692531585693,17.686861038208008,18.484235763549805,/data2/users/zhangxu/ISP/6_UIR/Datasets/U90/input/1225.png,/data2/users/zhangxu/ISP/6_UIR/Datasets/U90/GT/1225.png
U90,12290.png,Severe,15.261320114135742,38.96509552001953,40.79380416870117,/data2/users/zhangxu/ISP/6_UIR/Datasets/U90/input/12290.png,/data2/users/zhangxu/ISP/6_UIR/Datasets/U90/GT/12290.png
U90,12336.png,Severe,12.495097160339355,19.79888153076172,23.423851013183594,/data2/users/zhangxu/ISP/6_UIR/Datasets/U90/input/12336.png,/data2/users/zhangxu/ISP/6_UIR/Datasets/U90/GT/12336.png
U90,12348.png,Severe,14.889836311340332,34.13205337524414,36.375301361083984,/data2/users/zhangxu/ISP/6_UIR/Datasets/U90/input/12348.png,/data2/users/zhangxu/ISP/6_UIR/Datasets/U90/GT/12348.png
U90,12422.png,Moderate,7.605715751647949,18.730676651000977,19.178524017333984,/data2/users/zhangxu/ISP/6_UIR/Datasets/U90/input/12422.png,/data2/users/zhangxu/ISP/6_UIR/Datasets/U90/GT/12422.png
U90,12433.png,Mild,6.125816345214844,13.630507469177246,14.848094940185547,/data2/users/zhangxu/ISP/6_UIR/Datasets/U90/input/12433.png,/data2/users/zhangxu/ISP/6_UIR/Datasets/U90/GT/12433.png
U90,1407.png,Mild,6.560920238494873,8.480306625366211,11.070055961608887,/data2/users/zhangxu/ISP/6_UIR/Datasets/U90/input/1407.png,/data2/users/zhangxu/ISP/6_UIR/Datasets/U90/GT/1407.png
U90,1491.png,Moderate,9.698908805847168,21.889305114746094,24.449316024780273,/data2/users/zhangxu/ISP/6_UIR/Datasets/U90/input/1491.png,/data2/users/zhangxu/ISP/6_UIR/Datasets/U90/GT/1491.png
U90,15001.png,Mild,3.2891652584075928,19.891178131103516,20.344749450683594,/data2/users/zhangxu/ISP/6_UIR/Datasets/U90/input/15001.png,/data2/users/zhangxu/ISP/6_UIR/Datasets/U90/GT/15001.png
U90,15045.png,Moderate,7.981866359710693,14.531081199645996,17.80459976196289,/data2/users/zhangxu/ISP/6_UIR/Datasets/U90/input/15045.png,/data2/users/zhangxu/ISP/6_UIR/Datasets/U90/GT/15045.png
U90,15094.png,Moderate,8.99006175994873,16.97612953186035,20.32588768005371,/data2/users/zhangxu/ISP/6_UIR/Datasets/U90/input/15094.png,/data2/users/zhangxu/ISP/6_UIR/Datasets/U90/GT/15094.png
U90,15113.png,Mild,5.763978481292725,24.63551902770996,28.339385986328125,/data2/users/zhangxu/ISP/6_UIR/Datasets/U90/input/15113.png,/data2/users/zhangxu/ISP/6_UIR/Datasets/U90/GT/15113.png
U90,15136.png,Moderate,9.379804611206055,21.34770965576172,23.498966217041016,/data2/users/zhangxu/ISP/6_UIR/Datasets/U90/input/15136.png,/data2/users/zhangxu/ISP/6_UIR/Datasets/U90/GT/15136.png
U90,1539.png,Moderate,9.518217086791992,13.13392162322998,17.551185607910156,/data2/users/zhangxu/ISP/6_UIR/Datasets/U90/input/1539.png,/data2/users/zhangxu/ISP/6_UIR/Datasets/U90/GT/1539.png
U90,15418.png,Severe,18.701627731323242,29.92823600769043,35.75849914550781,/data2/users/zhangxu/ISP/6_UIR/Datasets/U90/input/15418.png,/data2/users/zhangxu/ISP/6_UIR/Datasets/U90/GT/15418.png
U90,15426.png,Severe,11.962808609008789,33.407169342041016,35.732688903808594,/data2/users/zhangxu/ISP/6_UIR/Datasets/U90/input/15426.png,/data2/users/zhangxu/ISP/6_UIR/Datasets/U90/GT/15426.png
U90,15704.png,Severe,11.324772834777832,19.791141510009766,24.298887252807617,/data2/users/zhangxu/ISP/6_UIR/Datasets/U90/input/15704.png,/data2/users/zhangxu/ISP/6_UIR/Datasets/U90/GT/15704.png
U90,1573.png,Moderate,10.176810264587402,15.916784286499023,16.917949676513672,/data2/users/zhangxu/ISP/6_UIR/Datasets/U90/input/1573.png,/data2/users/zhangxu/ISP/6_UIR/Datasets/U90/GT/1573.png
U90,1660.png,Severe,13.113521575927734,31.10767936706543,32.56070327758789,/data2/users/zhangxu/ISP/6_UIR/Datasets/U90/input/1660.png,/data2/users/zhangxu/ISP/6_UIR/Datasets/U90/GT/1660.png
U90,1742.png,Mild,2.571350336074829,10.452316284179688,10.876572608947754,/data2/users/zhangxu/ISP/6_UIR/Datasets/U90/input/1742.png,/data2/users/zhangxu/ISP/6_UIR/Datasets/U90/GT/1742.png
U90,1957.png,Moderate,7.3243608474731445,14.031221389770508,17.10999870300293,/data2/users/zhangxu/ISP/6_UIR/Datasets/U90/input/1957.png,/data2/users/zhangxu/ISP/6_UIR/Datasets/U90/GT/1957.png
U90,208_img_.png,Moderate,7.680986404418945,25.888723373413086,27.990327835083008,/data2/users/zhangxu/ISP/6_UIR/Datasets/U90/input/208_img_.png,/data2/users/zhangxu/ISP/6_UIR/Datasets/U90/GT/208_img_.png
U90,209_img_.png,Mild,6.752796173095703,12.01394271850586,13.851152420043945,/data2/users/zhangxu/ISP/6_UIR/Datasets/U90/input/209_img_.png,/data2/users/zhangxu/ISP/6_UIR/Datasets/U90/GT/209_img_.png
U90,210_img_.png,Mild,5.771986961364746,12.29796028137207,13.45043659210205,/data2/users/zhangxu/ISP/6_UIR/Datasets/U90/input/210_img_.png,/data2/users/zhangxu/ISP/6_UIR/Datasets/U90/GT/210_img_.png
U90,211_img_.png,Moderate,7.683335304260254,5.875768184661865,11.727182388305664,/data2/users/zhangxu/ISP/6_UIR/Datasets/U90/input/211_img_.png,/data2/users/zhangxu/ISP/6_UIR/Datasets/U90/GT/211_img_.png
U90,212_img_.png,Moderate,8.451600074768066,13.24077033996582,17.317476272583008,/data2/users/zhangxu/ISP/6_UIR/Datasets/U90/input/212_img_.png,/data2/users/zhangxu/ISP/6_UIR/Datasets/U90/GT/212_img_.png
U90,213_img_.png,Severe,15.953701972961426,17.755901336669922,25.090614318847656,/data2/users/zhangxu/ISP/6_UIR/Datasets/U90/input/213_img_.png,/data2/users/zhangxu/ISP/6_UIR/Datasets/U90/GT/213_img_.png
U90,2546.png,Mild,5.951496124267578,14.78013801574707,16.051733016967773,/data2/users/zhangxu/ISP/6_UIR/Datasets/U90/input/2546.png,/data2/users/zhangxu/ISP/6_UIR/Datasets/U90/GT/2546.png
U90,25_img_.png,Mild,6.519035816192627,3.465994119644165,13.094367980957031,/data2/users/zhangxu/ISP/6_UIR/Datasets/U90/input/25_img_.png,/data2/users/zhangxu/ISP/6_UIR/Datasets/U90/GT/25_img_.png
U90,2629.png,Moderate,10.825565338134766,22.229955673217773,25.087665557861328,/data2/users/zhangxu/ISP/6_UIR/Datasets/U90/input/2629.png,/data2/users/zhangxu/ISP/6_UIR/Datasets/U90/GT/2629.png
U90,2677.png,Mild,4.581419467926025,17.35680389404297,18.297687530517578,/data2/users/zhangxu/ISP/6_UIR/Datasets/U90/input/2677.png,/data2/users/zhangxu/ISP/6_UIR/Datasets/U90/GT/2677.png
U90,26_img_.png,Moderate,9.426501274108887,5.968288421630859,14.407931327819824,/data2/users/zhangxu/ISP/6_UIR/Datasets/U90/input/26_img_.png,/data2/users/zhangxu/ISP/6_UIR/Datasets/U90/GT/26_img_.png
U90,2701.png,Severe,13.23081111907959,22.77536392211914,27.549373626708984,/data2/users/zhangxu/ISP/6_UIR/Datasets/U90/input/2701.png,/data2/users/zhangxu/ISP/6_UIR/Datasets/U90/GT/2701.png
U90,2774.png,Mild,3.737717390060425,13.087549209594727,16.173736572265625,/data2/users/zhangxu/ISP/6_UIR/Datasets/U90/input/2774.png,/data2/users/zhangxu/ISP/6_UIR/Datasets/U90/GT/2774.png
U90,2787.png,Severe,12.53785514831543,21.205129623413086,24.95472526550293,/data2/users/zhangxu/ISP/6_UIR/Datasets/U90/input/2787.png,/data2/users/zhangxu/ISP/6_UIR/Datasets/U90/GT/2787.png
U90,2882.png,Mild,4.755101680755615,17.551504135131836,18.650508880615234,/data2/users/zhangxu/ISP/6_UIR/Datasets/U90/input/2882.png,/data2/users/zhangxu/ISP/6_UIR/Datasets/U90/GT/2882.png
U90,2977.png,Severe,11.179343223571777,24.26034164428711,26.061798095703125,/data2/users/zhangxu/ISP/6_UIR/Datasets/U90/input/2977.png,/data2/users/zhangxu/ISP/6_UIR/Datasets/U90/GT/2977.png
U90,3001.png,Severe,12.433452606201172,14.898094177246094,19.237918853759766,/data2/users/zhangxu/ISP/6_UIR/Datasets/U90/input/3001.png,/data2/users/zhangxu/ISP/6_UIR/Datasets/U90/GT/3001.png
U90,3015.png,Mild,4.869477272033691,2.2978227138519287,6.894834041595459,/data2/users/zhangxu/ISP/6_UIR/Datasets/U90/input/3015.png,/data2/users/zhangxu/ISP/6_UIR/Datasets/U90/GT/3015.png
U90,3196.png,Mild,5.46926736831665,23.94021224975586,24.91212272644043,/data2/users/zhangxu/ISP/6_UIR/Datasets/U90/input/3196.png,/data2/users/zhangxu/ISP/6_UIR/Datasets/U90/GT/3196.png
U90,3202.png,Mild,4.711483001708984,10.240128517150879,11.753032684326172,/data2/users/zhangxu/ISP/6_UIR/Datasets/U90/input/3202.png,/data2/users/zhangxu/ISP/6_UIR/Datasets/U90/GT/3202.png
U90,3330.png,Severe,18.77821159362793,30.48272132873535,34.82476806640625,/data2/users/zhangxu/ISP/6_UIR/Datasets/U90/input/3330.png,/data2/users/zhangxu/ISP/6_UIR/Datasets/U90/GT/3330.png
U90,3650.png,Severe,12.77082347869873,7.422706604003906,15.93299674987793,/data2/users/zhangxu/ISP/6_UIR/Datasets/U90/input/3650.png,/data2/users/zhangxu/ISP/6_UIR/Datasets/U90/GT/3650.png
U90,3728.png,Mild,5.614162921905518,0.40254297852516174,10.00367546081543,/data2/users/zhangxu/ISP/6_UIR/Datasets/U90/input/3728.png,/data2/users/zhangxu/ISP/6_UIR/Datasets/U90/GT/3728.png
U90,379_img_.png,Mild,3.6543235778808594,15.094575881958008,16.403648376464844,/data2/users/zhangxu/ISP/6_UIR/Datasets/U90/input/379_img_.png,/data2/users/zhangxu/ISP/6_UIR/Datasets/U90/GT/379_img_.png
U90,380_img_.png,Moderate,9.904903411865234,53.14323806762695,54.097320556640625,/data2/users/zhangxu/ISP/6_UIR/Datasets/U90/input/380_img_.png,/data2/users/zhangxu/ISP/6_UIR/Datasets/U90/GT/380_img_.png
U90,381_img_.png,Severe,16.111164093017578,26.97871208190918,32.27644348144531,/data2/users/zhangxu/ISP/6_UIR/Datasets/U90/input/381_img_.png,/data2/users/zhangxu/ISP/6_UIR/Datasets/U90/GT/381_img_.png
U90,382_img_.png,Mild,7.190238952636719,34.157405853271484,35.10316467285156,/data2/users/zhangxu/ISP/6_UIR/Datasets/U90/input/382_img_.png,/data2/users/zhangxu/ISP/6_UIR/Datasets/U90/GT/382_img_.png
U90,383_img_.png,Severe,14.784547805786133,25.337724685668945,31.65341567993164,/data2/users/zhangxu/ISP/6_UIR/Datasets/U90/input/383_img_.png,/data2/users/zhangxu/ISP/6_UIR/Datasets/U90/GT/383_img_.png
U90,3925.png,Mild,4.810610294342041,8.408435821533203,11.956094741821289,/data2/users/zhangxu/ISP/6_UIR/Datasets/U90/input/3925.png,/data2/users/zhangxu/ISP/6_UIR/Datasets/U90/GT/3925.png
U90,3947.png,Mild,5.305740833282471,8.661508560180664,11.915499687194824,/data2/users/zhangxu/ISP/6_UIR/Datasets/U90/input/3947.png,/data2/users/zhangxu/ISP/6_UIR/Datasets/U90/GT/3947.png
U90,4070.png,Moderate,10.022555351257324,13.650256156921387,16.883691787719727,/data2/users/zhangxu/ISP/6_UIR/Datasets/U90/input/4070.png,/data2/users/zhangxu/ISP/6_UIR/Datasets/U90/GT/4070.png
U90,540_img_.png,Moderate,8.462835311889648,21.479097366333008,23.490497589111328,/data2/users/zhangxu/ISP/6_UIR/Datasets/U90/input/540_img_.png,/data2/users/zhangxu/ISP/6_UIR/Datasets/U90/GT/540_img_.png
U90,541_img_.png,Mild,6.528660297393799,23.84027671813965,25.59117317199707,/data2/users/zhangxu/ISP/6_UIR/Datasets/U90/input/541_img_.png,/data2/users/zhangxu/ISP/6_UIR/Datasets/U90/GT/541_img_.png
U90,542_img_.png,Moderate,7.194845199584961,21.99907684326172,23.12039566040039,/data2/users/zhangxu/ISP/6_UIR/Datasets/U90/input/542_img_.png,/data2/users/zhangxu/ISP/6_UIR/Datasets/U90/GT/542_img_.png
U90,543_img_.png,Moderate,7.74733304977417,30.283113479614258,32.0528564453125,/data2/users/zhangxu/ISP/6_UIR/Datasets/U90/input/543_img_.png,/data2/users/zhangxu/ISP/6_UIR/Datasets/U90/GT/543_img_.png
U90,544_img_.png,Mild,6.762454509735107,26.697649002075195,27.550662994384766,/data2/users/zhangxu/ISP/6_UIR/Datasets/U90/input/544_img_.png,/data2/users/zhangxu/ISP/6_UIR/Datasets/U90/GT/544_img_.png
U90,5554.png,Mild,7.050436019897461,24.039817810058594,24.697402954101562,/data2/users/zhangxu/ISP/6_UIR/Datasets/U90/input/5554.png,/data2/users/zhangxu/ISP/6_UIR/Datasets/U90/GT/5554.png
U90,5818.png,Moderate,10.454360008239746,22.244169235229492,24.154918670654297,/data2/users/zhangxu/ISP/6_UIR/Datasets/U90/input/5818.png,/data2/users/zhangxu/ISP/6_UIR/Datasets/U90/GT/5818.png
U90,5830.png,Severe,11.132197380065918,34.368377685546875,35.714813232421875,/data2/users/zhangxu/ISP/6_UIR/Datasets/U90/input/5830.png,/data2/users/zhangxu/ISP/6_UIR/Datasets/U90/GT/5830.png
U90,601_img_.png,Severe,18.010860443115234,24.48311424255371,33.51726150512695,/data2/users/zhangxu/ISP/6_UIR/Datasets/U90/input/601_img_.png,/data2/users/zhangxu/ISP/6_UIR/Datasets/U90/GT/601_img_.png
U90,602_img_.png,Severe,13.936344146728516,31.089519500732422,35.19019317626953,/data2/users/zhangxu/ISP/6_UIR/Datasets/U90/input/602_img_.png,/data2/users/zhangxu/ISP/6_UIR/Datasets/U90/GT/602_img_.png
U90,603_img_.png,Moderate,10.794234275817871,26.641353607177734,30.56874656677246,/data2/users/zhangxu/ISP/6_UIR/Datasets/U90/input/603_img_.png,/data2/users/zhangxu/ISP/6_UIR/Datasets/U90/GT/603_img_.png
U90,604_img_.png,Severe,11.203388214111328,27.831844329833984,30.47978973388672,/data2/users/zhangxu/ISP/6_UIR/Datasets/U90/input/604_img_.png,/data2/users/zhangxu/ISP/6_UIR/Datasets/U90/GT/604_img_.png
U90,605_img_.png,Severe,15.54433536529541,30.375688552856445,35.47554397583008,/data2/users/zhangxu/ISP/6_UIR/Datasets/U90/input/605_img_.png,/data2/users/zhangxu/ISP/6_UIR/Datasets/U90/GT/605_img_.png
U90,6062.png,Severe,17.86893653869629,36.772674560546875,40.05335998535156,/data2/users/zhangxu/ISP/6_UIR/Datasets/U90/input/6062.png,/data2/users/zhangxu/ISP/6_UIR/Datasets/U90/GT/6062.png
U90,6082.png,Moderate,8.287528991699219,26.278982162475586,26.885356903076172,/data2/users/zhangxu/ISP/6_UIR/Datasets/U90/input/6082.png,/data2/users/zhangxu/ISP/6_UIR/Datasets/U90/GT/6082.png
U90,6788.png,Severe,11.402715682983398,24.90001106262207,26.268966674804688,/data2/users/zhangxu/ISP/6_UIR/Datasets/U90/input/6788.png,/data2/users/zhangxu/ISP/6_UIR/Datasets/U90/GT/6788.png
U90,6820.png,Mild,6.038536071777344,8.913265228271484,10.385454177856445,/data2/users/zhangxu/ISP/6_UIR/Datasets/U90/input/6820.png,/data2/users/zhangxu/ISP/6_UIR/Datasets/U90/GT/6820.png
U90,8010.png,Moderate,10.177186965942383,23.119298934936523,25.111026763916016,/data2/users/zhangxu/ISP/6_UIR/Datasets/U90/input/8010.png,/data2/users/zhangxu/ISP/6_UIR/Datasets/U90/GT/8010.png
U90,8046.png,Moderate,7.463780403137207,23.993515014648438,25.356369018554688,/data2/users/zhangxu/ISP/6_UIR/Datasets/U90/input/8046.png,/data2/users/zhangxu/ISP/6_UIR/Datasets/U90/GT/8046.png
U90,82_img_.png,Mild,4.215816974639893,16.777828216552734,17.44823455810547,/data2/users/zhangxu/ISP/6_UIR/Datasets/U90/input/82_img_.png,/data2/users/zhangxu/ISP/6_UIR/Datasets/U90/GT/82_img_.png
U90,86_img_.png,Moderate,7.911746978759766,7.611655235290527,9.476789474487305,/data2/users/zhangxu/ISP/6_UIR/Datasets/U90/input/86_img_.png,/data2/users/zhangxu/ISP/6_UIR/Datasets/U90/GT/86_img_.png
U90,87_img_.png,Severe,15.471460342407227,19.926401138305664,25.107521057128906,/data2/users/zhangxu/ISP/6_UIR/Datasets/U90/input/87_img_.png,/data2/users/zhangxu/ISP/6_UIR/Datasets/U90/GT/87_img_.png
U90,89_img_.png,Moderate,9.013810157775879,23.46685791015625,25.198551177978516,/data2/users/zhangxu/ISP/6_UIR/Datasets/U90/input/89_img_.png,/data2/users/zhangxu/ISP/6_UIR/Datasets/U90/GT/89_img_.png
U90,90_img_.png,Severe,15.98575496673584,18.600242614746094,24.694570541381836,/data2/users/zhangxu/ISP/6_UIR/Datasets/U90/input/90_img_.png,/data2/users/zhangxu/ISP/6_UIR/Datasets/U90/GT/90_img_.png
U90,928_img_.png,Mild,4.8787360191345215,8.653156280517578,10.278987884521484,/data2/users/zhangxu/ISP/6_UIR/Datasets/U90/input/928_img_.png,/data2/users/zhangxu/ISP/6_UIR/Datasets/U90/GT/928_img_.png
U90,929_img_.png,Mild,5.899172306060791,9.325986862182617,11.651267051696777,/data2/users/zhangxu/ISP/6_UIR/Datasets/U90/input/929_img_.png,/data2/users/zhangxu/ISP/6_UIR/Datasets/U90/GT/929_img_.png
U90,9547.png,Moderate,8.743727684020996,13.15359115600586,14.914952278137207,/data2/users/zhangxu/ISP/6_UIR/Datasets/U90/input/9547.png,/data2/users/zhangxu/ISP/6_UIR/Datasets/U90/GT/9547.png
U90,9554.png,Moderate,8.948697090148926,11.108505249023438,13.92058277130127,/data2/users/zhangxu/ISP/6_UIR/Datasets/U90/input/9554.png,/data2/users/zhangxu/ISP/6_UIR/Datasets/U90/GT/9554.png
U90,9557.png,Moderate,9.373542785644531,14.326773643493652,18.06623077392578,/data2/users/zhangxu/ISP/6_UIR/Datasets/U90/input/9557.png,/data2/users/zhangxu/ISP/6_UIR/Datasets/U90/GT/9557.png
U90,9567.png,Mild,6.497570514678955,14.094151496887207,15.20268726348877,/data2/users/zhangxu/ISP/6_UIR/Datasets/U90/input/9567.png,/data2/users/zhangxu/ISP/6_UIR/Datasets/U90/GT/9567.png
U90,9896.png,Severe,12.57946491241455,16.05521583557129,20.74827003479004,/data2/users/zhangxu/ISP/6_UIR/Datasets/U90/input/9896.png,/data2/users/zhangxu/ISP/6_UIR/Datasets/U90/GT/9896.png
U90,9900.png,Severe,10.899805068969727,17.927522659301758,23.053089141845703,/data2/users/zhangxu/ISP/6_UIR/Datasets/U90/input/9900.png,/data2/users/zhangxu/ISP/6_UIR/Datasets/U90/GT/9900.png
LSUI,1003.jpg,Mild,5.351043224334717,29.336711883544922,30.43411636352539,/data2/users/zhangxu/ISP/6_UIR/Datasets/LSUI/test/input/1003.jpg,/data2/users/zhangxu/ISP/6_UIR/Datasets/LSUI/test/GT/1003.jpg
LSUI,1004.jpg,Mild,3.63661527633667,20.438983917236328,21.155956268310547,/data2/users/zhangxu/ISP/6_UIR/Datasets/LSUI/test/input/1004.jpg,/data2/users/zhangxu/ISP/6_UIR/Datasets/LSUI/test/GT/1004.jpg
LSUI,1005.jpg,Mild,4.158318519592285,31.72210121154785,32.23774719238281,/data2/users/zhangxu/ISP/6_UIR/Datasets/LSUI/test/input/1005.jpg,/data2/users/zhangxu/ISP/6_UIR/Datasets/LSUI/test/GT/1005.jpg
LSUI,1006.jpg,Mild,2.631617546081543,27.586894989013672,27.99393081665039,/data2/users/zhangxu/ISP/6_UIR/Datasets/LSUI/test/input/1006.jpg,/data2/users/zhangxu/ISP/6_UIR/Datasets/LSUI/test/GT/1006.jpg
LSUI,1007.jpg,Mild,2.896644115447998,31.44055938720703,31.992019653320312,/data2/users/zhangxu/ISP/6_UIR/Datasets/LSUI/test/input/1007.jpg,/data2/users/zhangxu/ISP/6_UIR/Datasets/LSUI/test/GT/1007.jpg
LSUI,1008.jpg,Mild,4.124543190002441,28.85725212097168,29.697086334228516,/data2/users/zhangxu/ISP/6_UIR/Datasets/LSUI/test/input/1008.jpg,/data2/users/zhangxu/ISP/6_UIR/Datasets/LSUI/test/GT/1008.jpg
LSUI,1009.jpg,Mild,1.6127231121063232,33.764469146728516,34.12519454956055,/data2/users/zhangxu/ISP/6_UIR/Datasets/LSUI/test/input/1009.jpg,/data2/users/zhangxu/ISP/6_UIR/Datasets/LSUI/test/GT/1009.jpg
LSUI,1010.jpg,Severe,11.122694969177246,19.10624122619629,20.169281005859375,/data2/users/zhangxu/ISP/6_UIR/Datasets/LSUI/test/input/1010.jpg,/data2/users/zhangxu/ISP/6_UIR/Datasets/LSUI/test/GT/1010.jpg
LSUI,1011.jpg,Mild,2.2208898067474365,33.97406005859375,34.53363037109375,/data2/users/zhangxu/ISP/6_UIR/Datasets/LSUI/test/input/1011.jpg,/data2/users/zhangxu/ISP/6_UIR/Datasets/LSUI/test/GT/1011.jpg
LSUI,1012.jpg,Mild,4.415939807891846,26.63668441772461,27.471311569213867,/data2/users/zhangxu/ISP/6_UIR/Datasets/LSUI/test/input/1012.jpg,/data2/users/zhangxu/ISP/6_UIR/Datasets/LSUI/test/GT/1012.jpg
LSUI,1013.jpg,Severe,9.068999290466309,16.879314422607422,17.713376998901367,/data2/users/zhangxu/ISP/6_UIR/Datasets/LSUI/test/input/1013.jpg,/data2/users/zhangxu/ISP/6_UIR/Datasets/LSUI/test/GT/1013.jpg
LSUI,1014.jpg,Severe,12.449186325073242,18.40251350402832,20.684839248657227,/data2/users/zhangxu/ISP/6_UIR/Datasets/LSUI/test/input/1014.jpg,/data2/users/zhangxu/ISP/6_UIR/Datasets/LSUI/test/GT/1014.jpg
LSUI,1015.jpg,Mild,5.705433368682861,26.125507354736328,27.008787155151367,/data2/users/zhangxu/ISP/6_UIR/Datasets/LSUI/test/input/1015.jpg,/data2/users/zhangxu/ISP/6_UIR/Datasets/LSUI/test/GT/1015.jpg
LSUI,1016.jpg,Severe,15.004620552062988,21.790624618530273,24.75348472595215,/data2/users/zhangxu/ISP/6_UIR/Datasets/LSUI/test/input/1016.jpg,/data2/users/zhangxu/ISP/6_UIR/Datasets/LSUI/test/GT/1016.jpg
LSUI,1017.jpg,Moderate,6.446178913116455,9.255187034606934,11.15625286102295,/data2/users/zhangxu/ISP/6_UIR/Datasets/LSUI/test/input/1017.jpg,/data2/users/zhangxu/ISP/6_UIR/Datasets/LSUI/test/GT/1017.jpg
LSUI,1018.jpg,Severe,8.638919830322266,25.05297088623047,26.67005157470703,/data2/users/zhangxu/ISP/6_UIR/Datasets/LSUI/test/input/1018.jpg,/data2/users/zhangxu/ISP/6_UIR/Datasets/LSUI/test/GT/1018.jpg
LSUI,1019.jpg,Severe,9.09101390838623,9.158401489257812,12.368322372436523,/data2/users/zhangxu/ISP/6_UIR/Datasets/LSUI/test/input/1019.jpg,/data2/users/zhangxu/ISP/6_UIR/Datasets/LSUI/test/GT/1019.jpg
LSUI,1020.jpg,Mild,2.8412632942199707,12.851969718933105,13.089814186096191,/data2/users/zhangxu/ISP/6_UIR/Datasets/LSUI/test/input/1020.jpg,/data2/users/zhangxu/ISP/6_UIR/Datasets/LSUI/test/GT/1020.jpg
LSUI,1021.jpg,Mild,5.406859874725342,11.183177947998047,12.59561538696289,/data2/users/zhangxu/ISP/6_UIR/Datasets/LSUI/test/input/1021.jpg,/data2/users/zhangxu/ISP/6_UIR/Datasets/LSUI/test/GT/1021.jpg
LSUI,1022.jpg,Mild,2.66878080368042,26.13457489013672,26.64494514465332,/data2/users/zhangxu/ISP/6_UIR/Datasets/LSUI/test/input/1022.jpg,/data2/users/zhangxu/ISP/6_UIR/Datasets/LSUI/test/GT/1022.jpg
LSUI,1023.jpg,Mild,1.7302570343017578,33.770381927490234,34.17748260498047,/data2/users/zhangxu/ISP/6_UIR/Datasets/LSUI/test/input/1023.jpg,/data2/users/zhangxu/ISP/6_UIR/Datasets/LSUI/test/GT/1023.jpg
LSUI,1024.jpg,Mild,3.1857569217681885,36.57731628417969,38.303367614746094,/data2/users/zhangxu/ISP/6_UIR/Datasets/LSUI/test/input/1024.jpg,/data2/users/zhangxu/ISP/6_UIR/Datasets/LSUI/test/GT/1024.jpg
LSUI,1025.jpg,Mild,2.5400171279907227,30.34892463684082,31.419979095458984,/data2/users/zhangxu/ISP/6_UIR/Datasets/LSUI/test/input/1025.jpg,/data2/users/zhangxu/ISP/6_UIR/Datasets/LSUI/test/GT/1025.jpg
LSUI,1026.jpg,Mild,3.4787611961364746,32.1323356628418,33.84714126586914,/data2/users/zhangxu/ISP/6_UIR/Datasets/LSUI/test/input/1026.jpg,/data2/users/zhangxu/ISP/6_UIR/Datasets/LSUI/test/GT/1026.jpg
LSUI,1027.jpg,Mild,1.934478998184204,33.047481536865234,33.90342712402344,/data2/users/zhangxu/ISP/6_UIR/Datasets/LSUI/test/input/1027.jpg,/data2/users/zhangxu/ISP/6_UIR/Datasets/LSUI/test/GT/1027.jpg
LSUI,1028.jpg,Severe,10.59965991973877,35.46318054199219,37.520416259765625,/data2/users/zhangxu/ISP/6_UIR/Datasets/LSUI/test/input/1028.jpg,/data2/users/zhangxu/ISP/6_UIR/Datasets/LSUI/test/GT/1028.jpg
LSUI,1029.jpg,Severe,17.320579528808594,43.14653778076172,46.696006774902344,/data2/users/zhangxu/ISP/6_UIR/Datasets/LSUI/test/input/1029.jpg,/data2/users/zhangxu/ISP/6_UIR/Datasets/LSUI/test/GT/1029.jpg
LSUI,1030.jpg,Severe,8.266448020935059,32.69668197631836,34.010475158691406,/data2/users/zhangxu/ISP/6_UIR/Datasets/LSUI/test/input/1030.jpg,/data2/users/zhangxu/ISP/6_UIR/Datasets/LSUI/test/GT/1030.jpg
LSUI,1031.jpg,Severe,15.200041770935059,48.70047378540039,51.238136291503906,/data2/users/zhangxu/ISP/6_UIR/Datasets/LSUI/test/input/1031.jpg,/data2/users/zhangxu/ISP/6_UIR/Datasets/LSUI/test/GT/1031.jpg
LSUI,1032.jpg,Severe,11.095913887023926,18.455320358276367,19.56183624267578,/data2/users/zhangxu/ISP/6_UIR/Datasets/LSUI/test/input/1032.jpg,/data2/users/zhangxu/ISP/6_UIR/Datasets/LSUI/test/GT/1032.jpg
LSUI,1033.jpg,Severe,14.224822998046875,45.43349838256836,47.94069290161133,/data2/users/zhangxu/ISP/6_UIR/Datasets/LSUI/test/input/1033.jpg,/data2/users/zhangxu/ISP/6_UIR/Datasets/LSUI/test/GT/1033.jpg
LSUI,1034.jpg,Severe,8.42292308807373,39.204345703125,39.95400619506836,/data2/users/zhangxu/ISP/6_UIR/Datasets/LSUI/test/input/1034.jpg,/data2/users/zhangxu/ISP/6_UIR/Datasets/LSUI/test/GT/1034.jpg
LSUI,1035.jpg,Severe,8.928252220153809,34.2708854675293,35.34771728515625,/data2/users/zhangxu/ISP/6_UIR/Datasets/LSUI/test/input/1035.jpg,/data2/users/zhangxu/ISP/6_UIR/Datasets/LSUI/test/GT/1035.jpg
LSUI,1036.jpg,Severe,12.21895980834961,39.635948181152344,41.03631591796875,/data2/users/zhangxu/ISP/6_UIR/Datasets/LSUI/test/input/1036.jpg,/data2/users/zhangxu/ISP/6_UIR/Datasets/LSUI/test/GT/1036.jpg
LSUI,1037.jpg,Severe,9.986603736877441,50.007808685302734,50.625244140625,/data2/users/zhangxu/ISP/6_UIR/Datasets/LSUI/test/input/1037.jpg,/data2/users/zhangxu/ISP/6_UIR/Datasets/LSUI/test/GT/1037.jpg
LSUI,1038.jpg,Severe,8.342193603515625,30.95816421508789,32.348262786865234,/data2/users/zhangxu/ISP/6_UIR/Datasets/LSUI/test/input/1038.jpg,/data2/users/zhangxu/ISP/6_UIR/Datasets/LSUI/test/GT/1038.jpg
LSUI,1039.jpg,Severe,10.76252555847168,35.441219329833984,37.44774627685547,/data2/users/zhangxu/ISP/6_UIR/Datasets/LSUI/test/input/1039.jpg,/data2/users/zhangxu/ISP/6_UIR/Datasets/LSUI/test/GT/1039.jpg
LSUI,1040.jpg,Severe,15.389419555664062,30.34375,34.61857604980469,/data2/users/zhangxu/ISP/6_UIR/Datasets/LSUI/test/input/1040.jpg,/data2/users/zhangxu/ISP/6_UIR/Datasets/LSUI/test/GT/1040.jpg
LSUI,1041.jpg,Severe,9.307476997375488,40.365543365478516,41.78306198120117,/data2/users/zhangxu/ISP/6_UIR/Datasets/LSUI/test/input/1041.jpg,/data2/users/zhangxu/ISP/6_UIR/Datasets/LSUI/test/GT/1041.jpg
LSUI,1042.jpg,Severe,10.4321928024292,16.509315490722656,18.978750228881836,/data2/users/zhangxu/ISP/6_UIR/Datasets/LSUI/test/input/1042.jpg,/data2/users/zhangxu/ISP/6_UIR/Datasets/LSUI/test/GT/1042.jpg
LSUI,1043.jpg,Severe,15.28622817993164,21.039535522460938,26.1638126373291,/data2/users/zhangxu/ISP/6_UIR/Datasets/LSUI/test/input/1043.jpg,/data2/users/zhangxu/ISP/6_UIR/Datasets/LSUI/test/GT/1043.jpg
LSUI,1044.jpg,Severe,13.24581527709961,45.11891555786133,47.24856185913086,/data2/users/zhangxu/ISP/6_UIR/Datasets/LSUI/test/input/1044.jpg,/data2/users/zhangxu/ISP/6_UIR/Datasets/LSUI/test/GT/1044.jpg
LSUI,1045.jpg,Severe,11.9325532913208,48.72854995727539,50.27096939086914,/data2/users/zhangxu/ISP/6_UIR/Datasets/LSUI/test/input/1045.jpg,/data2/users/zhangxu/ISP/6_UIR/Datasets/LSUI/test/GT/1045.jpg
LSUI,1046.jpg,Severe,8.529540061950684,34.62567901611328,35.969539642333984,/data2/users/zhangxu/ISP/6_UIR/Datasets/LSUI/test/input/1046.jpg,/data2/users/zhangxu/ISP/6_UIR/Datasets/LSUI/test/GT/1046.jpg
LSUI,1047.jpg,Severe,9.319185256958008,39.77479553222656,41.46136474609375,/data2/users/zhangxu/ISP/6_UIR/Datasets/LSUI/test/input/1047.jpg,/data2/users/zhangxu/ISP/6_UIR/Datasets/LSUI/test/GT/1047.jpg
LSUI,1048.jpg,Severe,10.945640563964844,35.86553955078125,38.014991760253906,/data2/users/zhangxu/ISP/6_UIR/Datasets/LSUI/test/input/1048.jpg,/data2/users/zhangxu/ISP/6_UIR/Datasets/LSUI/test/GT/1048.jpg
LSUI,1049.jpg,Severe,11.599751472473145,33.45625305175781,36.1732063293457,/data2/users/zhangxu/ISP/6_UIR/Datasets/LSUI/test/input/1049.jpg,/data2/users/zhangxu/ISP/6_UIR/Datasets/LSUI/test/GT/1049.jpg
LSUI,1050.jpg,Severe,11.39426326751709,36.33491897583008,38.75255584716797,/data2/users/zhangxu/ISP/6_UIR/Datasets/LSUI/test/input/1050.jpg,/data2/users/zhangxu/ISP/6_UIR/Datasets/LSUI/test/GT/1050.jpg
LSUI,1051.jpg,Severe,8.882035255432129,38.49631881713867,39.71445083618164,/data2/users/zhangxu/ISP/6_UIR/Datasets/LSUI/test/input/1051.jpg,/data2/users/zhangxu/ISP/6_UIR/Datasets/LSUI/test/GT/1051.jpg
LSUI,1052.jpg,Severe,9.874735832214355,14.825989723205566,17.268569946289062,/data2/users/zhangxu/ISP/6_UIR/Datasets/LSUI/test/input/1052.jpg,/data2/users/zhangxu/ISP/6_UIR/Datasets/LSUI/test/GT/1052.jpg
LSUI,1053.jpg,Severe,9.193693161010742,34.98691177368164,36.85626983642578,/data2/users/zhangxu/ISP/6_UIR/Datasets/LSUI/test/input/1053.jpg,/data2/users/zhangxu/ISP/6_UIR/Datasets/LSUI/test/GT/1053.jpg
LSUI,1054.jpg,Severe,17.497846603393555,39.29616165161133,42.77522277832031,/data2/users/zhangxu/ISP/6_UIR/Datasets/LSUI/test/input/1054.jpg,/data2/users/zhangxu/ISP/6_UIR/Datasets/LSUI/test/GT/1054.jpg
LSUI,1055.jpg,Severe,16.95595359802246,32.95977020263672,36.50461196899414,/data2/users/zhangxu/ISP/6_UIR/Datasets/LSUI/test/input/1055.jpg,/data2/users/zhangxu/ISP/6_UIR/Datasets/LSUI/test/GT/1055.jpg
LSUI,1056.jpg,Severe,14.39078140258789,37.937767028808594,40.96055603027344,/data2/users/zhangxu/ISP/6_UIR/Datasets/LSUI/test/input/1056.jpg,/data2/users/zhangxu/ISP/6_UIR/Datasets/LSUI/test/GT/1056.jpg
LSUI,1057.jpg,Severe,11.102214813232422,30.648487091064453,32.20470428466797,/data2/users/zhangxu/ISP/6_UIR/Datasets/LSUI/test/input/1057.jpg,/data2/users/zhangxu/ISP/6_UIR/Datasets/LSUI/test/GT/1057.jpg
LSUI,1058.jpg,Severe,8.180667877197266,38.81855773925781,40.342041015625,/data2/users/zhangxu/ISP/6_UIR/Datasets/LSUI/test/input/1058.jpg,/data2/users/zhangxu/ISP/6_UIR/Datasets/LSUI/test/GT/1058.jpg
LSUI,1059.jpg,Severe,9.671137809753418,39.07955551147461,40.21510314941406,/data2/users/zhangxu/ISP/6_UIR/Datasets/LSUI/test/input/1059.jpg,/data2/users/zhangxu/ISP/6_UIR/Datasets/LSUI/test/GT/1059.jpg
LSUI,1060.jpg,Severe,9.156241416931152,41.97179412841797,43.41181945800781,/data2/users/zhangxu/ISP/6_UIR/Datasets/LSUI/test/input/1060.jpg,/data2/users/zhangxu/ISP/6_UIR/Datasets/LSUI/test/GT/1060.jpg
LSUI,1061.jpg,Severe,8.492815971374512,31.455257415771484,33.55693435668945,/data2/users/zhangxu/ISP/6_UIR/Datasets/LSUI/test/input/1061.jpg,/data2/users/zhangxu/ISP/6_UIR/Datasets/LSUI/test/GT/1061.jpg
LSUI,1062.jpg,Severe,14.990007400512695,50.11551284790039,52.53384017944336,/data2/users/zhangxu/ISP/6_UIR/Datasets/LSUI/test/input/1062.jpg,/data2/users/zhangxu/ISP/6_UIR/Datasets/LSUI/test/GT/1062.jpg
LSUI,1063.jpg,Severe,9.300361633300781,15.591351509094238,18.03594970703125,/data2/users/zhangxu/ISP/6_UIR/Datasets/LSUI/test/input/1063.jpg,/data2/users/zhangxu/ISP/6_UIR/Datasets/LSUI/test/GT/1063.jpg
LSUI,1064.jpg,Severe,9.957357406616211,32.19169235229492,33.31564712524414,/data2/users/zhangxu/ISP/6_UIR/Datasets/LSUI/test/input/1064.jpg,/data2/users/zhangxu/ISP/6_UIR/Datasets/LSUI/test/GT/1064.jpg
LSUI,1065.jpg,Severe,11.5858154296875,36.63951873779297,38.64069366455078,/data2/users/zhangxu/ISP/6_UIR/Datasets/LSUI/test/input/1065.jpg,/data2/users/zhangxu/ISP/6_UIR/Datasets/LSUI/test/GT/1065.jpg
LSUI,1066.jpg,Severe,13.03178882598877,33.0444221496582,36.23820877075195,/data2/users/zhangxu/ISP/6_UIR/Datasets/LSUI/test/input/1066.jpg,/data2/users/zhangxu/ISP/6_UIR/Datasets/LSUI/test/GT/1066.jpg
LSUI,1067.jpg,Severe,11.098316192626953,41.310482025146484,42.5949821472168,/data2/users/zhangxu/ISP/6_UIR/Datasets/LSUI/test/input/1067.jpg,/data2/users/zhangxu/ISP/6_UIR/Datasets/LSUI/test/GT/1067.jpg
LSUI,1068.jpg,Severe,9.01012897491455,40.047096252441406,41.54296112060547,/data2/users/zhangxu/ISP/6_UIR/Datasets/LSUI/test/input/1068.jpg,/data2/users/zhangxu/ISP/6_UIR/Datasets/LSUI/test/GT/1068.jpg
LSUI,1069.jpg,Severe,14.313860893249512,41.86101531982422,43.60197067260742,/data2/users/zhangxu/ISP/6_UIR/Datasets/LSUI/test/input/1069.jpg,/data2/users/zhangxu/ISP/6_UIR/Datasets/LSUI/test/GT/1069.jpg
LSUI,1070.jpg,Severe,16.898727416992188,45.58761215209961,48.922950744628906,/data2/users/zhangxu/ISP/6_UIR/Datasets/LSUI/test/input/1070.jpg,/data2/users/zhangxu/ISP/6_UIR/Datasets/LSUI/test/GT/1070.jpg
LSUI,1071.jpg,Severe,11.72704029083252,40.371150970458984,42.774417877197266,/data2/users/zhangxu/ISP/6_UIR/Datasets/LSUI/test/input/1071.jpg,/data2/users/zhangxu/ISP/6_UIR/Datasets/LSUI/test/GT/1071.jpg
LSUI,1073.jpg,Moderate,6.434833526611328,32.153099060058594,32.95111846923828,/data2/users/zhangxu/ISP/6_UIR/Datasets/LSUI/test/input/1073.jpg,/data2/users/zhangxu/ISP/6_UIR/Datasets/LSUI/test/GT/1073.jpg
LSUI,1074.jpg,Severe,9.694554328918457,15.273945808410645,18.025779724121094,/data2/users/zhangxu/ISP/6_UIR/Datasets/LSUI/test/input/1074.jpg,/data2/users/zhangxu/ISP/6_UIR/Datasets/LSUI/test/GT/1074.jpg
LSUI,1075.jpg,Severe,14.316319465637207,39.44364929199219,41.46499252319336,/data2/users/zhangxu/ISP/6_UIR/Datasets/LSUI/test/input/1075.jpg,/data2/users/zhangxu/ISP/6_UIR/Datasets/LSUI/test/GT/1075.jpg
LSUI,1076.jpg,Severe,14.258034706115723,22.90653419494629,27.063255310058594,/data2/users/zhangxu/ISP/6_UIR/Datasets/LSUI/test/input/1076.jpg,/data2/users/zhangxu/ISP/6_UIR/Datasets/LSUI/test/GT/1076.jpg
LSUI,1077.jpg,Severe,12.88747501373291,46.03304672241211,48.15785598754883,/data2/users/zhangxu/ISP/6_UIR/Datasets/LSUI/test/input/1077.jpg,/data2/users/zhangxu/ISP/6_UIR/Datasets/LSUI/test/GT/1077.jpg
LSUI,1078.jpg,Severe,8.578476905822754,31.585378646850586,33.15019989013672,/data2/users/zhangxu/ISP/6_UIR/Datasets/LSUI/test/input/1078.jpg,/data2/users/zhangxu/ISP/6_UIR/Datasets/LSUI/test/GT/1078.jpg
LSUI,1079.jpg,Severe,8.91808795928955,38.035316467285156,39.684608459472656,/data2/users/zhangxu/ISP/6_UIR/Datasets/LSUI/test/input/1079.jpg,/data2/users/zhangxu/ISP/6_UIR/Datasets/LSUI/test/GT/1079.jpg
LSUI,1080.jpg,Severe,11.764720916748047,38.90732955932617,40.91781997680664,/data2/users/zhangxu/ISP/6_UIR/Datasets/LSUI/test/input/1080.jpg,/data2/users/zhangxu/ISP/6_UIR/Datasets/LSUI/test/GT/1080.jpg
LSUI,1081.jpg,Moderate,7.964229583740234,37.956905364990234,39.31587219238281,/data2/users/zhangxu/ISP/6_UIR/Datasets/LSUI/test/input/1081.jpg,/data2/users/zhangxu/ISP/6_UIR/Datasets/LSUI/test/GT/1081.jpg
LSUI,1082.jpg,Severe,9.633940696716309,45.33721923828125,46.44208526611328,/data2/users/zhangxu/ISP/6_UIR/Datasets/LSUI/test/input/1082.jpg,/data2/users/zhangxu/ISP/6_UIR/Datasets/LSUI/test/GT/1082.jpg
LSUI,1083.jpg,Severe,11.276688575744629,34.135589599609375,35.89490509033203,/data2/users/zhangxu/ISP/6_UIR/Datasets/LSUI/test/input/1083.jpg,/data2/users/zhangxu/ISP/6_UIR/Datasets/LSUI/test/GT/1083.jpg
LSUI,1084.jpg,Moderate,6.745906352996826,24.896806716918945,26.164276123046875,/data2/users/zhangxu/ISP/6_UIR/Datasets/LSUI/test/input/1084.jpg,/data2/users/zhangxu/ISP/6_UIR/Datasets/LSUI/test/GT/1084.jpg
LSUI,1085.jpg,Severe,8.820292472839355,16.25767707824707,18.613971710205078,/data2/users/zhangxu/ISP/6_UIR/Datasets/LSUI/test/input/1085.jpg,/data2/users/zhangxu/ISP/6_UIR/Datasets/LSUI/test/GT/1085.jpg
LSUI,1086.jpg,Severe,9.826800346374512,39.74469757080078,40.61504364013672,/data2/users/zhangxu/ISP/6_UIR/Datasets/LSUI/test/input/1086.jpg,/data2/users/zhangxu/ISP/6_UIR/Datasets/LSUI/test/GT/1086.jpg
LSUI,1087.jpg,Severe,8.055521965026855,36.38730239868164,37.84134292602539,/data2/users/zhangxu/ISP/6_UIR/Datasets/LSUI/test/input/1087.jpg,/data2/users/zhangxu/ISP/6_UIR/Datasets/LSUI/test/GT/1087.jpg
LSUI,1088.jpg,Severe,10.020828247070312,41.60477066040039,42.97671890258789,/data2/users/zhangxu/ISP/6_UIR/Datasets/LSUI/test/input/1088.jpg,/data2/users/zhangxu/ISP/6_UIR/Datasets/LSUI/test/GT/1088.jpg
LSUI,1089.jpg,Moderate,6.289600372314453,35.351097106933594,36.02186584472656,/data2/users/zhangxu/ISP/6_UIR/Datasets/LSUI/test/input/1089.jpg,/data2/users/zhangxu/ISP/6_UIR/Datasets/LSUI/test/GT/1089.jpg
LSUI,1090.jpg,Severe,9.233338356018066,41.5366096496582,43.090396881103516,/data2/users/zhangxu/ISP/6_UIR/Datasets/LSUI/test/input/1090.jpg,/data2/users/zhangxu/ISP/6_UIR/Datasets/LSUI/test/GT/1090.jpg
LSUI,1091.jpg,Severe,11.000083923339844,36.96697998046875,38.760154724121094,/data2/users/zhangxu/ISP/6_UIR/Datasets/LSUI/test/input/1091.jpg,/data2/users/zhangxu/ISP/6_UIR/Datasets/LSUI/test/GT/1091.jpg
LSUI,1092.jpg,Severe,8.484169960021973,40.82283020019531,42.001075744628906,/data2/users/zhangxu/ISP/6_UIR/Datasets/LSUI/test/input/1092.jpg,/data2/users/zhangxu/ISP/6_UIR/Datasets/LSUI/test/GT/1092.jpg
LSUI,1093.jpg,Severe,12.297674179077148,44.85295104980469,46.741390228271484,/data2/users/zhangxu/ISP/6_UIR/Datasets/LSUI/test/input/1093.jpg,/data2/users/zhangxu/ISP/6_UIR/Datasets/LSUI/test/GT/1093.jpg
LSUI,1094.jpg,Severe,15.020186424255371,45.13489532470703,46.94710922241211,/data2/users/zhangxu/ISP/6_UIR/Datasets/LSUI/test/input/1094.jpg,/data2/users/zhangxu/ISP/6_UIR/Datasets/LSUI/test/GT/1094.jpg
LSUI,1095.jpg,Severe,14.976028442382812,42.24430465698242,43.756107330322266,/data2/users/zhangxu/ISP/6_UIR/Datasets/LSUI/test/input/1095.jpg,/data2/users/zhangxu/ISP/6_UIR/Datasets/LSUI/test/GT/1095.jpg
LSUI,1096.jpg,Severe,10.036701202392578,72.30831146240234,72.93402099609375,/data2/users/zhangxu/ISP/6_UIR/Datasets/LSUI/test/input/1096.jpg,/data2/users/zhangxu/ISP/6_UIR/Datasets/LSUI/test/GT/1096.jpg
LSUI,1097.jpg,Severe,13.85792350769043,68.3340072631836,69.26438903808594,/data2/users/zhangxu/ISP/6_UIR/Datasets/LSUI/test/input/1097.jpg,/data2/users/zhangxu/ISP/6_UIR/Datasets/LSUI/test/GT/1097.jpg
LSUI,1098.jpg,Severe,8.973388671875,16.146934509277344,18.631561279296875,/data2/users/zhangxu/ISP/6_UIR/Datasets/LSUI/test/input/1098.jpg,/data2/users/zhangxu/ISP/6_UIR/Datasets/LSUI/test/GT/1098.jpg
LSUI,1099.jpg,Severe,16.471309661865234,38.677696228027344,42.13994216918945,/data2/users/zhangxu/ISP/6_UIR/Datasets/LSUI/test/input/1099.jpg,/data2/users/zhangxu/ISP/6_UIR/Datasets/LSUI/test/GT/1099.jpg
LSUI,1100.jpg,Severe,10.717791557312012,42.98571014404297,44.555274963378906,/data2/users/zhangxu/ISP/6_UIR/Datasets/LSUI/test/input/1100.jpg,/data2/users/zhangxu/ISP/6_UIR/Datasets/LSUI/test/GT/1100.jpg
LSUI,1101.jpg,Severe,15.97422981262207,43.22657012939453,45.74047088623047,/data2/users/zhangxu/ISP/6_UIR/Datasets/LSUI/test/input/1101.jpg,/data2/users/zhangxu/ISP/6_UIR/Datasets/LSUI/test/GT/1101.jpg
LSUI,1102.jpg,Severe,9.014772415161133,34.86256790161133,35.830257415771484,/data2/users/zhangxu/ISP/6_UIR/Datasets/LSUI/test/input/1102.jpg,/data2/users/zhangxu/ISP/6_UIR/Datasets/LSUI/test/GT/1102.jpg
LSUI,1103.jpg,Severe,17.73687171936035,35.5275993347168,38.87221908569336,/data2/users/zhangxu/ISP/6_UIR/Datasets/LSUI/test/input/1103.jpg,/data2/users/zhangxu/ISP/6_UIR/Datasets/LSUI/test/GT/1103.jpg
LSUI,1104.jpg,Moderate,6.9973907470703125,19.5196475982666,21.20606803894043,/data2/users/zhangxu/ISP/6_UIR/Datasets/LSUI/test/input/1104.jpg,/data2/users/zhangxu/ISP/6_UIR/Datasets/LSUI/test/GT/1104.jpg
LSUI,1105.jpg,Severe,17.95114517211914,58.4929084777832,60.40278625488281,/data2/users/zhangxu/ISP/6_UIR/Datasets/LSUI/test/input/1105.jpg,/data2/users/zhangxu/ISP/6_UIR/Datasets/LSUI/test/GT/1105.jpg
LSUI,1106.jpg,Severe,9.203167915344238,37.917476654052734,40.00394821166992,/data2/users/zhangxu/ISP/6_UIR/Datasets/LSUI/test/input/1106.jpg,/data2/users/zhangxu/ISP/6_UIR/Datasets/LSUI/test/GT/1106.jpg
LSUI,1107.jpg,Severe,12.34524154663086,26.695371627807617,29.022544860839844,/data2/users/zhangxu/ISP/6_UIR/Datasets/LSUI/test/input/1107.jpg,/data2/users/zhangxu/ISP/6_UIR/Datasets/LSUI/test/GT/1107.jpg
LSUI,1972.jpg,Severe,10.371243476867676,16.791391372680664,18.950035095214844,/data2/users/zhangxu/ISP/6_UIR/Datasets/LSUI/test/input/1972.jpg,/data2/users/zhangxu/ISP/6_UIR/Datasets/LSUI/test/GT/1972.jpg
LSUI,1973.jpg,Severe,12.938807487487793,16.736581802368164,22.07301139831543,/data2/users/zhangxu/ISP/6_UIR/Datasets/LSUI/test/input/1973.jpg,/data2/users/zhangxu/ISP/6_UIR/Datasets/LSUI/test/GT/1973.jpg
LSUI,1974.jpg,Moderate,6.851105213165283,17.732860565185547,18.716039657592773,/data2/users/zhangxu/ISP/6_UIR/Datasets/LSUI/test/input/1974.jpg,/data2/users/zhangxu/ISP/6_UIR/Datasets/LSUI/test/GT/1974.jpg
LSUI,1975.jpg,Moderate,6.623046398162842,18.474422454833984,19.45696258544922,/data2/users/zhangxu/ISP/6_UIR/Datasets/LSUI/test/input/1975.jpg,/data2/users/zhangxu/ISP/6_UIR/Datasets/LSUI/test/GT/1975.jpg
LSUI,1976.jpg,Moderate,6.909337043762207,18.222335815429688,19.295236587524414,/data2/users/zhangxu/ISP/6_UIR/Datasets/LSUI/test/input/1976.jpg,/data2/users/zhangxu/ISP/6_UIR/Datasets/LSUI/test/GT/1976.jpg
LSUI,1977.jpg,Moderate,6.973062515258789,19.578418731689453,20.610727310180664,/data2/users/zhangxu/ISP/6_UIR/Datasets/LSUI/test/input/1977.jpg,/data2/users/zhangxu/ISP/6_UIR/Datasets/LSUI/test/GT/1977.jpg
LSUI,1978.jpg,Moderate,7.446934700012207,8.47503662109375,10.774200439453125,/data2/users/zhangxu/ISP/6_UIR/Datasets/LSUI/test/input/1978.jpg,/data2/users/zhangxu/ISP/6_UIR/Datasets/LSUI/test/GT/1978.jpg
LSUI,1979.jpg,Moderate,7.1666154861450195,15.863531112670898,18.38116455078125,/data2/users/zhangxu/ISP/6_UIR/Datasets/LSUI/test/input/1979.jpg,/data2/users/zhangxu/ISP/6_UIR/Datasets/LSUI/test/GT/1979.jpg
LSUI,1980.jpg,Severe,12.247267723083496,29.046096801757812,31.531517028808594,/data2/users/zhangxu/ISP/6_UIR/Datasets/LSUI/test/input/1980.jpg,/data2/users/zhangxu/ISP/6_UIR/Datasets/LSUI/test/GT/1980.jpg
LSUI,1981.jpg,Moderate,6.7912726402282715,19.4251766204834,20.45854949951172,/data2/users/zhangxu/ISP/6_UIR/Datasets/LSUI/test/input/1981.jpg,/data2/users/zhangxu/ISP/6_UIR/Datasets/LSUI/test/GT/1981.jpg
LSUI,1982.jpg,Moderate,6.249683856964111,16.11026382446289,16.97123908996582,/data2/users/zhangxu/ISP/6_UIR/Datasets/LSUI/test/input/1982.jpg,/data2/users/zhangxu/ISP/6_UIR/Datasets/LSUI/test/GT/1982.jpg
LSUI,1983.jpg,Moderate,6.378152847290039,17.857309341430664,18.8680419921875,/data2/users/zhangxu/ISP/6_UIR/Datasets/LSUI/test/input/1983.jpg,/data2/users/zhangxu/ISP/6_UIR/Datasets/LSUI/test/GT/1983.jpg
LSUI,1984.jpg,Moderate,6.938452243804932,19.41394805908203,20.50271987915039,/data2/users/zhangxu/ISP/6_UIR/Datasets/LSUI/test/input/1984.jpg,/data2/users/zhangxu/ISP/6_UIR/Datasets/LSUI/test/GT/1984.jpg
LSUI,1985.jpg,Moderate,7.097827911376953,19.829431533813477,20.94048309326172,/data2/users/zhangxu/ISP/6_UIR/Datasets/LSUI/test/input/1985.jpg,/data2/users/zhangxu/ISP/6_UIR/Datasets/LSUI/test/GT/1985.jpg
LSUI,1986.jpg,Moderate,6.673890113830566,19.39165687561035,21.11292266845703,/data2/users/zhangxu/ISP/6_UIR/Datasets/LSUI/test/input/1986.jpg,/data2/users/zhangxu/ISP/6_UIR/Datasets/LSUI/test/GT/1986.jpg
LSUI,1987.jpg,Moderate,7.192117214202881,21.63285255432129,23.44083023071289,/data2/users/zhangxu/ISP/6_UIR/Datasets/LSUI/test/input/1987.jpg,/data2/users/zhangxu/ISP/6_UIR/Datasets/LSUI/test/GT/1987.jpg
LSUI,1988.jpg,Moderate,7.581284999847412,24.603973388671875,26.26738166809082,/data2/users/zhangxu/ISP/6_UIR/Datasets/LSUI/test/input/1988.jpg,/data2/users/zhangxu/ISP/6_UIR/Datasets/LSUI/test/GT/1988.jpg
LSUI,1989.jpg,Moderate,6.774649143218994,25.165176391601562,26.608699798583984,/data2/users/zhangxu/ISP/6_UIR/Datasets/LSUI/test/input/1989.jpg,/data2/users/zhangxu/ISP/6_UIR/Datasets/LSUI/test/GT/1989.jpg
LSUI,1990.jpg,Moderate,7.677318096160889,25.577356338500977,27.168092727661133,/data2/users/zhangxu/ISP/6_UIR/Datasets/LSUI/test/input/1990.jpg,/data2/users/zhangxu/ISP/6_UIR/Datasets/LSUI/test/GT/1990.jpg
LSUI,1991.jpg,Moderate,7.336479663848877,12.497566223144531,14.013568878173828,/data2/users/zhangxu/ISP/6_UIR/Datasets/LSUI/test/input/1991.jpg,/data2/users/zhangxu/ISP/6_UIR/Datasets/LSUI/test/GT/1991.jpg
LSUI,1992.jpg,Mild,4.59491491317749,12.248366355895996,13.185554504394531,/data2/users/zhangxu/ISP/6_UIR/Datasets/LSUI/test/input/1992.jpg,/data2/users/zhangxu/ISP/6_UIR/Datasets/LSUI/test/GT/1992.jpg
LSUI,1993.jpg,Mild,5.188826560974121,11.851181983947754,12.434783935546875,/data2/users/zhangxu/ISP/6_UIR/Datasets/LSUI/test/input/1993.jpg,/data2/users/zhangxu/ISP/6_UIR/Datasets/LSUI/test/GT/1993.jpg
LSUI,1994.jpg,Mild,4.045263767242432,29.293432235717773,29.551000595092773,/data2/users/zhangxu/ISP/6_UIR/Datasets/LSUI/test/input/1994.jpg,/data2/users/zhangxu/ISP/6_UIR/Datasets/LSUI/test/GT/1994.jpg
LSUI,1995.jpg,Moderate,6.421187877655029,10.30527400970459,11.883284568786621,/data2/users/zhangxu/ISP/6_UIR/Datasets/LSUI/test/input/1995.jpg,/data2/users/zhangxu/ISP/6_UIR/Datasets/LSUI/test/GT/1995.jpg
LSUI,1996.jpg,Mild,4.179454803466797,18.310749053955078,19.041568756103516,/data2/users/zhangxu/ISP/6_UIR/Datasets/LSUI/test/input/1996.jpg,/data2/users/zhangxu/ISP/6_UIR/Datasets/LSUI/test/GT/1996.jpg
LSUI,1997.jpg,Mild,5.75104284286499,14.524674415588379,16.4969539642334,/data2/users/zhangxu/ISP/6_UIR/Datasets/LSUI/test/input/1997.jpg,/data2/users/zhangxu/ISP/6_UIR/Datasets/LSUI/test/GT/1997.jpg
LSUI,2038.jpg,Mild,2.8937532901763916,12.703482627868652,13.591084480285645,/data2/users/zhangxu/ISP/6_UIR/Datasets/LSUI/test/input/2038.jpg,/data2/users/zhangxu/ISP/6_UIR/Datasets/LSUI/test/GT/2038.jpg
LSUI,2039.jpg,Moderate,7.585187911987305,13.593914031982422,15.193645477294922,/data2/users/zhangxu/ISP/6_UIR/Datasets/LSUI/test/input/2039.jpg,/data2/users/zhangxu/ISP/6_UIR/Datasets/LSUI/test/GT/2039.jpg
LSUI,2040.jpg,Moderate,6.0131635665893555,12.095958709716797,13.228403091430664,/data2/users/zhangxu/ISP/6_UIR/Datasets/LSUI/test/input/2040.jpg,/data2/users/zhangxu/ISP/6_UIR/Datasets/LSUI/test/GT/2040.jpg
LSUI,2041.jpg,Moderate,7.742232322692871,7.764236927032471,9.190336227416992,/data2/users/zhangxu/ISP/6_UIR/Datasets/LSUI/test/input/2041.jpg,/data2/users/zhangxu/ISP/6_UIR/Datasets/LSUI/test/GT/2041.jpg
LSUI,2042.jpg,Severe,8.004947662353516,15.139623641967773,16.23211669921875,/data2/users/zhangxu/ISP/6_UIR/Datasets/LSUI/test/input/2042.jpg,/data2/users/zhangxu/ISP/6_UIR/Datasets/LSUI/test/GT/2042.jpg
LSUI,2043.jpg,Moderate,6.926506996154785,10.600703239440918,11.764456748962402,/data2/users/zhangxu/ISP/6_UIR/Datasets/LSUI/test/input/2043.jpg,/data2/users/zhangxu/ISP/6_UIR/Datasets/LSUI/test/GT/2043.jpg
LSUI,2044.jpg,Mild,3.4508562088012695,22.06124496459961,22.896745681762695,/data2/users/zhangxu/ISP/6_UIR/Datasets/LSUI/test/input/2044.jpg,/data2/users/zhangxu/ISP/6_UIR/Datasets/LSUI/test/GT/2044.jpg
LSUI,2045.jpg,Severe,12.02767276763916,34.16779708862305,35.62029266357422,/data2/users/zhangxu/ISP/6_UIR/Datasets/LSUI/test/input/2045.jpg,/data2/users/zhangxu/ISP/6_UIR/Datasets/LSUI/test/GT/2045.jpg
LSUI,2046.jpg,Severe,8.630209922790527,14.837766647338867,15.702824592590332,/data2/users/zhangxu/ISP/6_UIR/Datasets/LSUI/test/input/2046.jpg,/data2/users/zhangxu/ISP/6_UIR/Datasets/LSUI/test/GT/2046.jpg
LSUI,2047.jpg,Moderate,7.106815814971924,19.889741897583008,20.754804611206055,/data2/users/zhangxu/ISP/6_UIR/Datasets/LSUI/test/input/2047.jpg,/data2/users/zhangxu/ISP/6_UIR/Datasets/LSUI/test/GT/2047.jpg
LSUI,2048.jpg,Moderate,7.100058555603027,7.775287628173828,8.768378257751465,/data2/users/zhangxu/ISP/6_UIR/Datasets/LSUI/test/input/2048.jpg,/data2/users/zhangxu/ISP/6_UIR/Datasets/LSUI/test/GT/2048.jpg
LSUI,2049.jpg,Moderate,6.988927364349365,20.67721176147461,21.78533935546875,/data2/users/zhangxu/ISP/6_UIR/Datasets/LSUI/test/input/2049.jpg,/data2/users/zhangxu/ISP/6_UIR/Datasets/LSUI/test/GT/2049.jpg
LSUI,2050.jpg,Mild,5.5030903816223145,22.988849639892578,23.62704849243164,/data2/users/zhangxu/ISP/6_UIR/Datasets/LSUI/test/input/2050.jpg,/data2/users/zhangxu/ISP/6_UIR/Datasets/LSUI/test/GT/2050.jpg
LSUI,2051.jpg,Mild,5.619494438171387,17.70406723022461,18.859909057617188,/data2/users/zhangxu/ISP/6_UIR/Datasets/LSUI/test/input/2051.jpg,/data2/users/zhangxu/ISP/6_UIR/Datasets/LSUI/test/GT/2051.jpg
LSUI,2052.jpg,Moderate,6.6898417472839355,9.987310409545898,11.853585243225098,/data2/users/zhangxu/ISP/6_UIR/Datasets/LSUI/test/input/2052.jpg,/data2/users/zhangxu/ISP/6_UIR/Datasets/LSUI/test/GT/2052.jpg
LSUI,2053.jpg,Moderate,6.663127422332764,15.611403465270996,16.011959075927734,/data2/users/zhangxu/ISP/6_UIR/Datasets/LSUI/test/input/2053.jpg,/data2/users/zhangxu/ISP/6_UIR/Datasets/LSUI/test/GT/2053.jpg
LSUI,2054.jpg,Severe,10.28735065460205,18.178558349609375,20.47492218017578,/data2/users/zhangxu/ISP/6_UIR/Datasets/LSUI/test/input/2054.jpg,/data2/users/zhangxu/ISP/6_UIR/Datasets/LSUI/test/GT/2054.jpg
LSUI,2055.jpg,Severe,14.558161735534668,46.875431060791016,47.333213806152344,/data2/users/zhangxu/ISP/6_UIR/Datasets/LSUI/test/input/2055.jpg,/data2/users/zhangxu/ISP/6_UIR/Datasets/LSUI/test/GT/2055.jpg
LSUI,2056.jpg,Moderate,6.960872173309326,10.450395584106445,11.800232887268066,/data2/users/zhangxu/ISP/6_UIR/Datasets/LSUI/test/input/2056.jpg,/data2/users/zhangxu/ISP/6_UIR/Datasets/LSUI/test/GT/2056.jpg
LSUI,2057.jpg,Severe,10.048449516296387,23.43448257446289,24.67462921142578,/data2/users/zhangxu/ISP/6_UIR/Datasets/LSUI/test/input/2057.jpg,/data2/users/zhangxu/ISP/6_UIR/Datasets/LSUI/test/GT/2057.jpg
LSUI,2058.jpg,Mild,4.867027282714844,14.377270698547363,15.87784194946289,/data2/users/zhangxu/ISP/6_UIR/Datasets/LSUI/test/input/2058.jpg,/data2/users/zhangxu/ISP/6_UIR/Datasets/LSUI/test/GT/2058.jpg
LSUI,2059.jpg,Mild,4.486806392669678,16.042455673217773,16.716501235961914,/data2/users/zhangxu/ISP/6_UIR/Datasets/LSUI/test/input/2059.jpg,/data2/users/zhangxu/ISP/6_UIR/Datasets/LSUI/test/GT/2059.jpg
LSUI,2060.jpg,Severe,8.870305061340332,14.055438041687012,16.064729690551758,/data2/users/zhangxu/ISP/6_UIR/Datasets/LSUI/test/input/2060.jpg,/data2/users/zhangxu/ISP/6_UIR/Datasets/LSUI/test/GT/2060.jpg
LSUI,2061.jpg,Severe,12.156991004943848,19.410499572753906,21.193056106567383,/data2/users/zhangxu/ISP/6_UIR/Datasets/LSUI/test/input/2061.jpg,/data2/users/zhangxu/ISP/6_UIR/Datasets/LSUI/test/GT/2061.jpg
LSUI,2062.jpg,Mild,4.696042537689209,11.618514060974121,13.326189041137695,/data2/users/zhangxu/ISP/6_UIR/Datasets/LSUI/test/input/2062.jpg,/data2/users/zhangxu/ISP/6_UIR/Datasets/LSUI/test/GT/2062.jpg
LSUI,2063.jpg,Mild,1.763477087020874,7.621951103210449,8.507243156433105,/data2/users/zhangxu/ISP/6_UIR/Datasets/LSUI/test/input/2063.jpg,/data2/users/zhangxu/ISP/6_UIR/Datasets/LSUI/test/GT/2063.jpg
LSUI,2064.jpg,Mild,4.653724193572998,19.129024505615234,20.18248748779297,/data2/users/zhangxu/ISP/6_UIR/Datasets/LSUI/test/input/2064.jpg,/data2/users/zhangxu/ISP/6_UIR/Datasets/LSUI/test/GT/2064.jpg
LSUI,2065.jpg,Moderate,6.299417495727539,5.871070861816406,9.584612846374512,/data2/users/zhangxu/ISP/6_UIR/Datasets/LSUI/test/input/2065.jpg,/data2/users/zhangxu/ISP/6_UIR/Datasets/LSUI/test/GT/2065.jpg
LSUI,2066.jpg,Severe,8.142525672912598,9.09376335144043,12.945281028747559,/data2/users/zhangxu/ISP/6_UIR/Datasets/LSUI/test/input/2066.jpg,/data2/users/zhangxu/ISP/6_UIR/Datasets/LSUI/test/GT/2066.jpg
LSUI,2067.jpg,Mild,4.2789764404296875,14.483050346374512,15.477340698242188,/data2/users/zhangxu/ISP/6_UIR/Datasets/LSUI/test/input/2067.jpg,/data2/users/zhangxu/ISP/6_UIR/Datasets/LSUI/test/GT/2067.jpg
LSUI,2068.jpg,Severe,14.131291389465332,12.101249694824219,18.608922958374023,/data2/users/zhangxu/ISP/6_UIR/Datasets/LSUI/test/input/2068.jpg,/data2/users/zhangxu/ISP/6_UIR/Datasets/LSUI/test/GT/2068.jpg
LSUI,2069.jpg,Severe,15.7269287109375,16.758790969848633,23.502710342407227,/data2/users/zhangxu/ISP/6_UIR/Datasets/LSUI/test/input/2069.jpg,/data2/users/zhangxu/ISP/6_UIR/Datasets/LSUI/test/GT/2069.jpg
LSUI,2070.jpg,Mild,5.108097553253174,23.39925765991211,23.825523376464844,/data2/users/zhangxu/ISP/6_UIR/Datasets/LSUI/test/input/2070.jpg,/data2/users/zhangxu/ISP/6_UIR/Datasets/LSUI/test/GT/2070.jpg
LSUI,2071.jpg,Mild,5.215566635131836,10.968445777893066,11.735271453857422,/data2/users/zhangxu/ISP/6_UIR/Datasets/LSUI/test/input/2071.jpg,/data2/users/zhangxu/ISP/6_UIR/Datasets/LSUI/test/GT/2071.jpg
LSUI,2072.jpg,Severe,9.06251335144043,14.128132820129395,17.014312744140625,/data2/users/zhangxu/ISP/6_UIR/Datasets/LSUI/test/input/2072.jpg,/data2/users/zhangxu/ISP/6_UIR/Datasets/LSUI/test/GT/2072.jpg
LSUI,2073.jpg,Mild,5.4439191818237305,10.210634231567383,11.430497169494629,/data2/users/zhangxu/ISP/6_UIR/Datasets/LSUI/test/input/2073.jpg,/data2/users/zhangxu/ISP/6_UIR/Datasets/LSUI/test/GT/2073.jpg
LSUI,2074.jpg,Severe,8.766070365905762,19.674673080444336,21.348003387451172,/data2/users/zhangxu/ISP/6_UIR/Datasets/LSUI/test/input/2074.jpg,/data2/users/zhangxu/ISP/6_UIR/Datasets/LSUI/test/GT/2074.jpg
LSUI,2075.jpg,Moderate,6.547975063323975,12.029833793640137,14.79458236694336,/data2/users/zhangxu/ISP/6_UIR/Datasets/LSUI/test/input/2075.jpg,/data2/users/zhangxu/ISP/6_UIR/Datasets/LSUI/test/GT/2075.jpg
LSUI,2997.jpg,Mild,4.619577407836914,33.048492431640625,33.28160095214844,/data2/users/zhangxu/ISP/6_UIR/Datasets/LSUI/test/input/2997.jpg,/data2/users/zhangxu/ISP/6_UIR/Datasets/LSUI/test/GT/2997.jpg
LSUI,2998.jpg,Severe,9.76460075378418,9.854378700256348,13.614727973937988,/data2/users/zhangxu/ISP/6_UIR/Datasets/LSUI/test/input/2998.jpg,/data2/users/zhangxu/ISP/6_UIR/Datasets/LSUI/test/GT/2998.jpg
LSUI,2999.jpg,Severe,8.877902030944824,14.52232837677002,15.500457763671875,/data2/users/zhangxu/ISP/6_UIR/Datasets/LSUI/test/input/2999.jpg,/data2/users/zhangxu/ISP/6_UIR/Datasets/LSUI/test/GT/2999.jpg
LSUI,3000.jpg,Moderate,6.5981011390686035,19.92790412902832,20.856985092163086,/data2/users/zhangxu/ISP/6_UIR/Datasets/LSUI/test/input/3000.jpg,/data2/users/zhangxu/ISP/6_UIR/Datasets/LSUI/test/GT/3000.jpg
LSUI,3001.jpg,Mild,4.580413341522217,24.52553367614746,24.886747360229492,/data2/users/zhangxu/ISP/6_UIR/Datasets/LSUI/test/input/3001.jpg,/data2/users/zhangxu/ISP/6_UIR/Datasets/LSUI/test/GT/3001.jpg
LSUI,3002.jpg,Mild,5.418642997741699,7.648707866668701,9.43265438079834,/data2/users/zhangxu/ISP/6_UIR/Datasets/LSUI/test/input/3002.jpg,/data2/users/zhangxu/ISP/6_UIR/Datasets/LSUI/test/GT/3002.jpg
LSUI,3003.jpg,Moderate,6.0891828536987305,22.15530776977539,22.850128173828125,/data2/users/zhangxu/ISP/6_UIR/Datasets/LSUI/test/input/3003.jpg,/data2/users/zhangxu/ISP/6_UIR/Datasets/LSUI/test/GT/3003.jpg
LSUI,3004.jpg,Severe,8.637702941894531,13.861013412475586,14.618782043457031,/data2/users/zhangxu/ISP/6_UIR/Datasets/LSUI/test/input/3004.jpg,/data2/users/zhangxu/ISP/6_UIR/Datasets/LSUI/test/GT/3004.jpg
LSUI,3005.jpg,Mild,4.947480201721191,16.014766693115234,17.277790069580078,/data2/users/zhangxu/ISP/6_UIR/Datasets/LSUI/test/input/3005.jpg,/data2/users/zhangxu/ISP/6_UIR/Datasets/LSUI/test/GT/3005.jpg
LSUI,3006.jpg,Severe,8.42735481262207,10.621675491333008,13.89348030090332,/data2/users/zhangxu/ISP/6_UIR/Datasets/LSUI/test/input/3006.jpg,/data2/users/zhangxu/ISP/6_UIR/Datasets/LSUI/test/GT/3006.jpg
LSUI,3007.jpg,Mild,3.965629816055298,11.904728889465332,12.900701522827148,/data2/users/zhangxu/ISP/6_UIR/Datasets/LSUI/test/input/3007.jpg,/data2/users/zhangxu/ISP/6_UIR/Datasets/LSUI/test/GT/3007.jpg
LSUI,3008.jpg,Moderate,7.176194190979004,15.589120864868164,16.564231872558594,/data2/users/zhangxu/ISP/6_UIR/Datasets/LSUI/test/input/3008.jpg,/data2/users/zhangxu/ISP/6_UIR/Datasets/LSUI/test/GT/3008.jpg
LSUI,3009.jpg,Mild,5.624292850494385,16.182106018066406,17.462730407714844,/data2/users/zhangxu/ISP/6_UIR/Datasets/LSUI/test/input/3009.jpg,/data2/users/zhangxu/ISP/6_UIR/Datasets/LSUI/test/GT/3009.jpg
LSUI,3010.jpg,Mild,5.818075656890869,13.425629615783691,14.992921829223633,/data2/users/zhangxu/ISP/6_UIR/Datasets/LSUI/test/input/3010.jpg,/data2/users/zhangxu/ISP/6_UIR/Datasets/LSUI/test/GT/3010.jpg
LSUI,3011.jpg,Moderate,7.921697616577148,6.450485706329346,7.2320990562438965,/data2/users/zhangxu/ISP/6_UIR/Datasets/LSUI/test/input/3011.jpg,/data2/users/zhangxu/ISP/6_UIR/Datasets/LSUI/test/GT/3011.jpg
LSUI,3012.jpg,Mild,4.658438205718994,12.097115516662598,13.779287338256836,/data2/users/zhangxu/ISP/6_UIR/Datasets/LSUI/test/input/3012.jpg,/data2/users/zhangxu/ISP/6_UIR/Datasets/LSUI/test/GT/3012.jpg
LSUI,3013.jpg,Severe,8.01449203491211,13.528777122497559,14.177199363708496,/data2/users/zhangxu/ISP/6_UIR/Datasets/LSUI/test/input/3013.jpg,/data2/users/zhangxu/ISP/6_UIR/Datasets/LSUI/test/GT/3013.jpg
LSUI,3014.jpg,Moderate,6.3397088050842285,5.822751045227051,9.607744216918945,/data2/users/zhangxu/ISP/6_UIR/Datasets/LSUI/test/input/3014.jpg,/data2/users/zhangxu/ISP/6_UIR/Datasets/LSUI/test/GT/3014.jpg
LSUI,3015.jpg,Mild,5.2581400871276855,19.95897674560547,20.690895080566406,/data2/users/zhangxu/ISP/6_UIR/Datasets/LSUI/test/input/3015.jpg,/data2/users/zhangxu/ISP/6_UIR/Datasets/LSUI/test/GT/3015.jpg
LSUI,3016.jpg,Mild,5.869746208190918,11.0446138381958,13.226476669311523,/data2/users/zhangxu/ISP/6_UIR/Datasets/LSUI/test/input/3016.jpg,/data2/users/zhangxu/ISP/6_UIR/Datasets/LSUI/test/GT/3016.jpg
LSUI,3017.jpg,Mild,4.764509201049805,16.358352661132812,17.755523681640625,/data2/users/zhangxu/ISP/6_UIR/Datasets/LSUI/test/input/3017.jpg,/data2/users/zhangxu/ISP/6_UIR/Datasets/LSUI/test/GT/3017.jpg
LSUI,3018.jpg,Moderate,6.242724418640137,10.695350646972656,11.881807327270508,/data2/users/zhangxu/ISP/6_UIR/Datasets/LSUI/test/input/3018.jpg,/data2/users/zhangxu/ISP/6_UIR/Datasets/LSUI/test/GT/3018.jpg
LSUI,3019.jpg,Moderate,7.579309463500977,17.670469284057617,18.419153213500977,/data2/users/zhangxu/ISP/6_UIR/Datasets/LSUI/test/input/3019.jpg,/data2/users/zhangxu/ISP/6_UIR/Datasets/LSUI/test/GT/3019.jpg
LSUI,3020.jpg,Mild,4.475529670715332,22.57242202758789,23.099763870239258,/data2/users/zhangxu/ISP/6_UIR/Datasets/LSUI/test/input/3020.jpg,/data2/users/zhangxu/ISP/6_UIR/Datasets/LSUI/test/GT/3020.jpg
LSUI,3021.jpg,Severe,8.198833465576172,11.857101440429688,15.324100494384766,/data2/users/zhangxu/ISP/6_UIR/Datasets/LSUI/test/input/3021.jpg,/data2/users/zhangxu/ISP/6_UIR/Datasets/LSUI/test/GT/3021.jpg
LSUI,3022.jpg,Mild,5.963844299316406,20.505300521850586,21.4384765625,/data2/users/zhangxu/ISP/6_UIR/Datasets/LSUI/test/input/3022.jpg,/data2/users/zhangxu/ISP/6_UIR/Datasets/LSUI/test/GT/3022.jpg
LSUI,3023.jpg,Moderate,7.531673908233643,13.849712371826172,15.153219223022461,/data2/users/zhangxu/ISP/6_UIR/Datasets/LSUI/test/input/3023.jpg,/data2/users/zhangxu/ISP/6_UIR/Datasets/LSUI/test/GT/3023.jpg
LSUI,3024.jpg,Mild,3.5788397789001465,21.89811897277832,22.603214263916016,/data2/users/zhangxu/ISP/6_UIR/Datasets/LSUI/test/input/3024.jpg,/data2/users/zhangxu/ISP/6_UIR/Datasets/LSUI/test/GT/3024.jpg
LSUI,3025.jpg,Mild,5.0454630851745605,17.24386978149414,17.938888549804688,/data2/users/zhangxu/ISP/6_UIR/Datasets/LSUI/test/input/3025.jpg,/data2/users/zhangxu/ISP/6_UIR/Datasets/LSUI/test/GT/3025.jpg
LSUI,3026.jpg,Severe,9.22936725616455,13.64885139465332,16.59964370727539,/data2/users/zhangxu/ISP/6_UIR/Datasets/LSUI/test/input/3026.jpg,/data2/users/zhangxu/ISP/6_UIR/Datasets/LSUI/test/GT/3026.jpg
LSUI,3027.jpg,Moderate,6.308157920837402,5.22139310836792,7.952212333679199,/data2/users/zhangxu/ISP/6_UIR/Datasets/LSUI/test/input/3027.jpg,/data2/users/zhangxu/ISP/6_UIR/Datasets/LSUI/test/GT/3027.jpg
LSUI,3028.jpg,Moderate,7.390944004058838,12.026578903198242,13.503728866577148,/data2/users/zhangxu/ISP/6_UIR/Datasets/LSUI/test/input/3028.jpg,/data2/users/zhangxu/ISP/6_UIR/Datasets/LSUI/test/GT/3028.jpg
LSUI,3029.jpg,Moderate,6.833888530731201,23.771154403686523,24.262380599975586,/data2/users/zhangxu/ISP/6_UIR/Datasets/LSUI/test/input/3029.jpg,/data2/users/zhangxu/ISP/6_UIR/Datasets/LSUI/test/GT/3029.jpg
LSUI,3030.jpg,Moderate,6.599025249481201,15.073554039001465,15.63888931274414,/data2/users/zhangxu/ISP/6_UIR/Datasets/LSUI/test/input/3030.jpg,/data2/users/zhangxu/ISP/6_UIR/Datasets/LSUI/test/GT/3030.jpg
LSUI,3031.jpg,Mild,4.816196918487549,7.088817119598389,9.623631477355957,/data2/users/zhangxu/ISP/6_UIR/Datasets/LSUI/test/input/3031.jpg,/data2/users/zhangxu/ISP/6_UIR/Datasets/LSUI/test/GT/3031.jpg
LSUI,3032.jpg,Mild,5.1482696533203125,16.36309814453125,17.723766326904297,/data2/users/zhangxu/ISP/6_UIR/Datasets/LSUI/test/input/3032.jpg,/data2/users/zhangxu/ISP/6_UIR/Datasets/LSUI/test/GT/3032.jpg
LSUI,3033.jpg,Mild,4.823538780212402,21.468341827392578,22.494049072265625,/data2/users/zhangxu/ISP/6_UIR/Datasets/LSUI/test/input/3033.jpg,/data2/users/zhangxu/ISP/6_UIR/Datasets/LSUI/test/GT/3033.jpg
LSUI,3034.jpg,Mild,4.284116744995117,19.67884063720703,20.738903045654297,/data2/users/zhangxu/ISP/6_UIR/Datasets/LSUI/test/input/3034.jpg,/data2/users/zhangxu/ISP/6_UIR/Datasets/LSUI/test/GT/3034.jpg
LSUI,3035.jpg,Mild,4.688815116882324,17.580322265625,18.837684631347656,/data2/users/zhangxu/ISP/6_UIR/Datasets/LSUI/test/input/3035.jpg,/data2/users/zhangxu/ISP/6_UIR/Datasets/LSUI/test/GT/3035.jpg
LSUI,3036.jpg,Moderate,7.700192451477051,10.425332069396973,13.03449821472168,/data2/users/zhangxu/ISP/6_UIR/Datasets/LSUI/test/input/3036.jpg,/data2/users/zhangxu/ISP/6_UIR/Datasets/LSUI/test/GT/3036.jpg
LSUI,3037.jpg,Moderate,7.198426246643066,20.597064971923828,20.992490768432617,/data2/users/zhangxu/ISP/6_UIR/Datasets/LSUI/test/input/3037.jpg,/data2/users/zhangxu/ISP/6_UIR/Datasets/LSUI/test/GT/3037.jpg
LSUI,3038.jpg,Mild,5.5658369064331055,13.39180850982666,14.303877830505371,/data2/users/zhangxu/ISP/6_UIR/Datasets/LSUI/test/input/3038.jpg,/data2/users/zhangxu/ISP/6_UIR/Datasets/LSUI/test/GT/3038.jpg
LSUI,3039.jpg,Mild,5.031431198120117,23.196903228759766,23.82250213623047,/data2/users/zhangxu/ISP/6_UIR/Datasets/LSUI/test/input/3039.jpg,/data2/users/zhangxu/ISP/6_UIR/Datasets/LSUI/test/GT/3039.jpg
LSUI,3040.jpg,Moderate,6.949172496795654,10.520694732666016,12.591821670532227,/data2/users/zhangxu/ISP/6_UIR/Datasets/LSUI/test/input/3040.jpg,/data2/users/zhangxu/ISP/6_UIR/Datasets/LSUI/test/GT/3040.jpg
LSUI,3041.jpg,Moderate,6.5394487380981445,21.10344696044922,22.150535583496094,/data2/users/zhangxu/ISP/6_UIR/Datasets/LSUI/test/input/3041.jpg,/data2/users/zhangxu/ISP/6_UIR/Datasets/LSUI/test/GT/3041.jpg
LSUI,3042.jpg,Moderate,6.4180779457092285,14.075444221496582,14.795583724975586,/data2/users/zhangxu/ISP/6_UIR/Datasets/LSUI/test/input/3042.jpg,/data2/users/zhangxu/ISP/6_UIR/Datasets/LSUI/test/GT/3042.jpg
LSUI,3043.jpg,Mild,2.116826295852661,23.442005157470703,23.60357093811035,/data2/users/zhangxu/ISP/6_UIR/Datasets/LSUI/test/input/3043.jpg,/data2/users/zhangxu/ISP/6_UIR/Datasets/LSUI/test/GT/3043.jpg
LSUI,3044.jpg,Severe,10.224639892578125,18.95530891418457,20.759611129760742,/data2/users/zhangxu/ISP/6_UIR/Datasets/LSUI/test/input/3044.jpg,/data2/users/zhangxu/ISP/6_UIR/Datasets/LSUI/test/GT/3044.jpg
LSUI,3045.jpg,Moderate,6.0960893630981445,13.233353614807129,15.272867202758789,/data2/users/zhangxu/ISP/6_UIR/Datasets/LSUI/test/input/3045.jpg,/data2/users/zhangxu/ISP/6_UIR/Datasets/LSUI/test/GT/3045.jpg
LSUI,3046.jpg,Mild,4.493317604064941,21.3212833404541,21.99594497680664,/data2/users/zhangxu/ISP/6_UIR/Datasets/LSUI/test/input/3046.jpg,/data2/users/zhangxu/ISP/6_UIR/Datasets/LSUI/test/GT/3046.jpg
LSUI,3047.jpg,Mild,3.6401965618133545,15.486940383911133,17.016971588134766,/data2/users/zhangxu/ISP/6_UIR/Datasets/LSUI/test/input/3047.jpg,/data2/users/zhangxu/ISP/6_UIR/Datasets/LSUI/test/GT/3047.jpg
LSUI,3048.jpg,Moderate,7.0254950523376465,16.739398956298828,18.374406814575195,/data2/users/zhangxu/ISP/6_UIR/Datasets/LSUI/test/input/3048.jpg,/data2/users/zhangxu/ISP/6_UIR/Datasets/LSUI/test/GT/3048.jpg
LSUI,3049.jpg,Moderate,7.443399906158447,14.71261978149414,16.54979133605957,/data2/users/zhangxu/ISP/6_UIR/Datasets/LSUI/test/input/3049.jpg,/data2/users/zhangxu/ISP/6_UIR/Datasets/LSUI/test/GT/3049.jpg
LSUI,3050.jpg,Mild,5.0275044441223145,8.477337837219238,11.454659461975098,/data2/users/zhangxu/ISP/6_UIR/Datasets/LSUI/test/input/3050.jpg,/data2/users/zhangxu/ISP/6_UIR/Datasets/LSUI/test/GT/3050.jpg
LSUI,3051.jpg,Severe,9.134711265563965,14.245601654052734,17.05852699279785,/data2/users/zhangxu/ISP/6_UIR/Datasets/LSUI/test/input/3051.jpg,/data2/users/zhangxu/ISP/6_UIR/Datasets/LSUI/test/GT/3051.jpg
LSUI,3052.jpg,Moderate,6.571023464202881,20.23602867126465,21.299327850341797,/data2/users/zhangxu/ISP/6_UIR/Datasets/LSUI/test/input/3052.jpg,/data2/users/zhangxu/ISP/6_UIR/Datasets/LSUI/test/GT/3052.jpg
LSUI,3053.jpg,Mild,4.306364059448242,14.692289352416992,15.911153793334961,/data2/users/zhangxu/ISP/6_UIR/Datasets/LSUI/test/input/3053.jpg,/data2/users/zhangxu/ISP/6_UIR/Datasets/LSUI/test/GT/3053.jpg
LSUI,3054.jpg,Severe,8.33626937866211,17.242027282714844,19.32642364501953,/data2/users/zhangxu/ISP/6_UIR/Datasets/LSUI/test/input/3054.jpg,/data2/users/zhangxu/ISP/6_UIR/Datasets/LSUI/test/GT/3054.jpg
LSUI,3055.jpg,Mild,3.921379566192627,13.853034019470215,15.04836368560791,/data2/users/zhangxu/ISP/6_UIR/Datasets/LSUI/test/input/3055.jpg,/data2/users/zhangxu/ISP/6_UIR/Datasets/LSUI/test/GT/3055.jpg
LSUI,3056.jpg,Mild,4.8198442459106445,11.372902870178223,13.180424690246582,/data2/users/zhangxu/ISP/6_UIR/Datasets/LSUI/test/input/3056.jpg,/data2/users/zhangxu/ISP/6_UIR/Datasets/LSUI/test/GT/3056.jpg
LSUI,3057.jpg,Moderate,7.348884582519531,19.598905563354492,20.295761108398438,/data2/users/zhangxu/ISP/6_UIR/Datasets/LSUI/test/input/3057.jpg,/data2/users/zhangxu/ISP/6_UIR/Datasets/LSUI/test/GT/3057.jpg
LSUI,3058.jpg,Mild,4.715971946716309,17.552413940429688,18.491119384765625,/data2/users/zhangxu/ISP/6_UIR/Datasets/LSUI/test/input/3058.jpg,/data2/users/zhangxu/ISP/6_UIR/Datasets/LSUI/test/GT/3058.jpg
LSUI,3059.jpg,Mild,5.707220554351807,19.26667594909668,20.17800521850586,/data2/users/zhangxu/ISP/6_UIR/Datasets/LSUI/test/input/3059.jpg,/data2/users/zhangxu/ISP/6_UIR/Datasets/LSUI/test/GT/3059.jpg
LSUI,3060.jpg,Mild,4.487638473510742,20.12060546875,20.816753387451172,/data2/users/zhangxu/ISP/6_UIR/Datasets/LSUI/test/input/3060.jpg,/data2/users/zhangxu/ISP/6_UIR/Datasets/LSUI/test/GT/3060.jpg
LSUI,3061.jpg,Mild,2.837677001953125,27.227663040161133,27.466196060180664,/data2/users/zhangxu/ISP/6_UIR/Datasets/LSUI/test/input/3061.jpg,/data2/users/zhangxu/ISP/6_UIR/Datasets/LSUI/test/GT/3061.jpg
LSUI,3062.jpg,Moderate,6.343686103820801,12.891308784484863,15.651739120483398,/data2/users/zhangxu/ISP/6_UIR/Datasets/LSUI/test/input/3062.jpg,/data2/users/zhangxu/ISP/6_UIR/Datasets/LSUI/test/GT/3062.jpg
LSUI,3063.jpg,Moderate,7.3268961906433105,13.38962459564209,16.162654876708984,/data2/users/zhangxu/ISP/6_UIR/Datasets/LSUI/test/input/3063.jpg,/data2/users/zhangxu/ISP/6_UIR/Datasets/LSUI/test/GT/3063.jpg
LSUI,3064.jpg,Severe,8.316557884216309,14.057480812072754,16.146221160888672,/data2/users/zhangxu/ISP/6_UIR/Datasets/LSUI/test/input/3064.jpg,/data2/users/zhangxu/ISP/6_UIR/Datasets/LSUI/test/GT/3064.jpg
LSUI,3065.jpg,Moderate,6.222077369689941,18.728275299072266,20.226516723632812,/data2/users/zhangxu/ISP/6_UIR/Datasets/LSUI/test/input/3065.jpg,/data2/users/zhangxu/ISP/6_UIR/Datasets/LSUI/test/GT/3065.jpg
LSUI,3066.jpg,Moderate,6.929110527038574,17.21705436706543,18.326725006103516,/data2/users/zhangxu/ISP/6_UIR/Datasets/LSUI/test/input/3066.jpg,/data2/users/zhangxu/ISP/6_UIR/Datasets/LSUI/test/GT/3066.jpg
LSUI,3067.jpg,Moderate,6.144883155822754,14.631103515625,16.263534545898438,/data2/users/zhangxu/ISP/6_UIR/Datasets/LSUI/test/input/3067.jpg,/data2/users/zhangxu/ISP/6_UIR/Datasets/LSUI/test/GT/3067.jpg
LSUI,3068.jpg,Mild,5.658064365386963,12.117026329040527,14.360613822937012,/data2/users/zhangxu/ISP/6_UIR/Datasets/LSUI/test/input/3068.jpg,/data2/users/zhangxu/ISP/6_UIR/Datasets/LSUI/test/GT/3068.jpg
LSUI,3069.jpg,Moderate,6.677820682525635,11.221985816955566,12.477421760559082,/data2/users/zhangxu/ISP/6_UIR/Datasets/LSUI/test/input/3069.jpg,/data2/users/zhangxu/ISP/6_UIR/Datasets/LSUI/test/GT/3069.jpg
LSUI,3070.jpg,Moderate,6.184009552001953,21.437166213989258,22.05450439453125,/data2/users/zhangxu/ISP/6_UIR/Datasets/LSUI/test/input/3070.jpg,/data2/users/zhangxu/ISP/6_UIR/Datasets/LSUI/test/GT/3070.jpg
LSUI,3071.jpg,Mild,4.575741291046143,8.98802661895752,10.5581693649292,/data2/users/zhangxu/ISP/6_UIR/Datasets/LSUI/test/input/3071.jpg,/data2/users/zhangxu/ISP/6_UIR/Datasets/LSUI/test/GT/3071.jpg
LSUI,3072.jpg,Mild,3.5843403339385986,16.490318298339844,17.74199676513672,/data2/users/zhangxu/ISP/6_UIR/Datasets/LSUI/test/input/3072.jpg,/data2/users/zhangxu/ISP/6_UIR/Datasets/LSUI/test/GT/3072.jpg
LSUI,3073.jpg,Severe,8.162246704101562,17.419164657592773,18.061342239379883,/data2/users/zhangxu/ISP/6_UIR/Datasets/LSUI/test/input/3073.jpg,/data2/users/zhangxu/ISP/6_UIR/Datasets/LSUI/test/GT/3073.jpg
LSUI,3074.jpg,Mild,3.6193289756774902,21.827011108398438,22.571308135986328,/data2/users/zhangxu/ISP/6_UIR/Datasets/LSUI/test/input/3074.jpg,/data2/users/zhangxu/ISP/6_UIR/Datasets/LSUI/test/GT/3074.jpg
LSUI,3075.jpg,Moderate,6.289558410644531,15.168010711669922,16.46890640258789,/data2/users/zhangxu/ISP/6_UIR/Datasets/LSUI/test/input/3075.jpg,/data2/users/zhangxu/ISP/6_UIR/Datasets/LSUI/test/GT/3075.jpg
LSUI,3076.jpg,Moderate,6.935584545135498,18.101430892944336,19.590608596801758,/data2/users/zhangxu/ISP/6_UIR/Datasets/LSUI/test/input/3076.jpg,/data2/users/zhangxu/ISP/6_UIR/Datasets/LSUI/test/GT/3076.jpg
LSUI,3077.jpg,Mild,4.3470001220703125,23.575790405273438,24.163347244262695,/data2/users/zhangxu/ISP/6_UIR/Datasets/LSUI/test/input/3077.jpg,/data2/users/zhangxu/ISP/6_UIR/Datasets/LSUI/test/GT/3077.jpg
LSUI,3078.jpg,Moderate,6.853799819946289,8.856080055236816,10.570022583007812,/data2/users/zhangxu/ISP/6_UIR/Datasets/LSUI/test/input/3078.jpg,/data2/users/zhangxu/ISP/6_UIR/Datasets/LSUI/test/GT/3078.jpg
LSUI,3079.jpg,Mild,4.067289352416992,17.688793182373047,18.847694396972656,/data2/users/zhangxu/ISP/6_UIR/Datasets/LSUI/test/input/3079.jpg,/data2/users/zhangxu/ISP/6_UIR/Datasets/LSUI/test/GT/3079.jpg
LSUI,3080.jpg,Mild,5.957526206970215,11.318514823913574,13.362306594848633,/data2/users/zhangxu/ISP/6_UIR/Datasets/LSUI/test/input/3080.jpg,/data2/users/zhangxu/ISP/6_UIR/Datasets/LSUI/test/GT/3080.jpg
LSUI,3081.jpg,Severe,9.217418670654297,20.453702926635742,21.380718231201172,/data2/users/zhangxu/ISP/6_UIR/Datasets/LSUI/test/input/3081.jpg,/data2/users/zhangxu/ISP/6_UIR/Datasets/LSUI/test/GT/3081.jpg
LSUI,3082.jpg,Moderate,6.9391865730285645,12.339505195617676,14.725824356079102,/data2/users/zhangxu/ISP/6_UIR/Datasets/LSUI/test/input/3082.jpg,/data2/users/zhangxu/ISP/6_UIR/Datasets/LSUI/test/GT/3082.jpg
LSUI,3083.jpg,Mild,2.924832344055176,28.17384910583496,28.5509090423584,/data2/users/zhangxu/ISP/6_UIR/Datasets/LSUI/test/input/3083.jpg,/data2/users/zhangxu/ISP/6_UIR/Datasets/LSUI/test/GT/3083.jpg
LSUI,3084.jpg,Mild,4.552121639251709,15.364409446716309,16.498188018798828,/data2/users/zhangxu/ISP/6_UIR/Datasets/LSUI/test/input/3084.jpg,/data2/users/zhangxu/ISP/6_UIR/Datasets/LSUI/test/GT/3084.jpg
LSUI,3085.jpg,Severe,9.862863540649414,14.135947227478027,15.400421142578125,/data2/users/zhangxu/ISP/6_UIR/Datasets/LSUI/test/input/3085.jpg,/data2/users/zhangxu/ISP/6_UIR/Datasets/LSUI/test/GT/3085.jpg
LSUI,3086.jpg,Mild,5.685690402984619,12.66687297821045,15.118684768676758,/data2/users/zhangxu/ISP/6_UIR/Datasets/LSUI/test/input/3086.jpg,/data2/users/zhangxu/ISP/6_UIR/Datasets/LSUI/test/GT/3086.jpg
LSUI,3087.jpg,Moderate,6.733147621154785,9.846972465515137,11.770244598388672,/data2/users/zhangxu/ISP/6_UIR/Datasets/LSUI/test/input/3087.jpg,/data2/users/zhangxu/ISP/6_UIR/Datasets/LSUI/test/GT/3087.jpg
LSUI,3088.jpg,Severe,8.201327323913574,17.208728790283203,18.028779983520508,/data2/users/zhangxu/ISP/6_UIR/Datasets/LSUI/test/input/3088.jpg,/data2/users/zhangxu/ISP/6_UIR/Datasets/LSUI/test/GT/3088.jpg
LSUI,3089.jpg,Severe,8.129585266113281,20.18219566345215,20.649391174316406,/data2/users/zhangxu/ISP/6_UIR/Datasets/LSUI/test/input/3089.jpg,/data2/users/zhangxu/ISP/6_UIR/Datasets/LSUI/test/GT/3089.jpg
LSUI,3090.jpg,Severe,9.679265022277832,17.22886848449707,17.761539459228516,/data2/users/zhangxu/ISP/6_UIR/Datasets/LSUI/test/input/3090.jpg,/data2/users/zhangxu/ISP/6_UIR/Datasets/LSUI/test/GT/3090.jpg
LSUI,3091.jpg,Moderate,6.578815460205078,8.460763931274414,11.241080284118652,/data2/users/zhangxu/ISP/6_UIR/Datasets/LSUI/test/input/3091.jpg,/data2/users/zhangxu/ISP/6_UIR/Datasets/LSUI/test/GT/3091.jpg
LSUI,3092.jpg,Mild,3.2940056324005127,16.756458282470703,17.322734832763672,/data2/users/zhangxu/ISP/6_UIR/Datasets/LSUI/test/input/3092.jpg,/data2/users/zhangxu/ISP/6_UIR/Datasets/LSUI/test/GT/3092.jpg
LSUI,3093.jpg,Moderate,6.891269683837891,9.290432929992676,11.745116233825684,/data2/users/zhangxu/ISP/6_UIR/Datasets/LSUI/test/input/3093.jpg,/data2/users/zhangxu/ISP/6_UIR/Datasets/LSUI/test/GT/3093.jpg
LSUI,3094.jpg,Moderate,6.705133438110352,16.239246368408203,17.412734985351562,/data2/users/zhangxu/ISP/6_UIR/Datasets/LSUI/test/input/3094.jpg,/data2/users/zhangxu/ISP/6_UIR/Datasets/LSUI/test/GT/3094.jpg
LSUI,3095.jpg,Mild,5.067385196685791,17.96527099609375,18.79109764099121,/data2/users/zhangxu/ISP/6_UIR/Datasets/LSUI/test/input/3095.jpg,/data2/users/zhangxu/ISP/6_UIR/Datasets/LSUI/test/GT/3095.jpg
LSUI,3096.jpg,Severe,7.991580486297607,13.291319847106934,13.977375984191895,/data2/users/zhangxu/ISP/6_UIR/Datasets/LSUI/test/input/3096.jpg,/data2/users/zhangxu/ISP/6_UIR/Datasets/LSUI/test/GT/3096.jpg
LSUI,3097.jpg,Severe,13.504586219787598,21.3630428314209,25.087154388427734,/data2/users/zhangxu/ISP/6_UIR/Datasets/LSUI/test/input/3097.jpg,/data2/users/zhangxu/ISP/6_UIR/Datasets/LSUI/test/GT/3097.jpg
LSUI,3098.jpg,Severe,8.75677490234375,20.259674072265625,22.13800048828125,/data2/users/zhangxu/ISP/6_UIR/Datasets/LSUI/test/input/3098.jpg,/data2/users/zhangxu/ISP/6_UIR/Datasets/LSUI/test/GT/3098.jpg
LSUI,3099.jpg,Mild,5.805680274963379,8.725117683410645,11.870960235595703,/data2/users/zhangxu/ISP/6_UIR/Datasets/LSUI/test/input/3099.jpg,/data2/users/zhangxu/ISP/6_UIR/Datasets/LSUI/test/GT/3099.jpg
LSUI,3100.jpg,Mild,5.398457050323486,9.364755630493164,11.01876449584961,/data2/users/zhangxu/ISP/6_UIR/Datasets/LSUI/test/input/3100.jpg,/data2/users/zhangxu/ISP/6_UIR/Datasets/LSUI/test/GT/3100.jpg
LSUI,3997.jpg,Mild,5.321595191955566,14.964034080505371,16.291406631469727,/data2/users/zhangxu/ISP/6_UIR/Datasets/LSUI/test/input/3997.jpg,/data2/users/zhangxu/ISP/6_UIR/Datasets/LSUI/test/GT/3997.jpg
LSUI,3998.jpg,Moderate,6.8684515953063965,16.146953582763672,16.880077362060547,/data2/users/zhangxu/ISP/6_UIR/Datasets/LSUI/test/input/3998.jpg,/data2/users/zhangxu/ISP/6_UIR/Datasets/LSUI/test/GT/3998.jpg
LSUI,3999.jpg,Mild,4.660969257354736,23.138790130615234,23.679244995117188,/data2/users/zhangxu/ISP/6_UIR/Datasets/LSUI/test/input/3999.jpg,/data2/users/zhangxu/ISP/6_UIR/Datasets/LSUI/test/GT/3999.jpg
LSUI,4000.jpg,Severe,8.925676345825195,22.442153930664062,23.555740356445312,/data2/users/zhangxu/ISP/6_UIR/Datasets/LSUI/test/input/4000.jpg,/data2/users/zhangxu/ISP/6_UIR/Datasets/LSUI/test/GT/4000.jpg
LSUI,4001.jpg,Moderate,6.334118366241455,15.388798713684082,16.476634979248047,/data2/users/zhangxu/ISP/6_UIR/Datasets/LSUI/test/input/4001.jpg,/data2/users/zhangxu/ISP/6_UIR/Datasets/LSUI/test/GT/4001.jpg
LSUI,4002.jpg,Mild,4.698115825653076,19.838882446289062,20.612070083618164,/data2/users/zhangxu/ISP/6_UIR/Datasets/LSUI/test/input/4002.jpg,/data2/users/zhangxu/ISP/6_UIR/Datasets/LSUI/test/GT/4002.jpg
LSUI,4003.jpg,Moderate,7.518050670623779,15.099257469177246,16.172948837280273,/data2/users/zhangxu/ISP/6_UIR/Datasets/LSUI/test/input/4003.jpg,/data2/users/zhangxu/ISP/6_UIR/Datasets/LSUI/test/GT/4003.jpg
LSUI,4004.jpg,Moderate,6.91425085067749,8.29617691040039,9.624704360961914,/data2/users/zhangxu/ISP/6_UIR/Datasets/LSUI/test/input/4004.jpg,/data2/users/zhangxu/ISP/6_UIR/Datasets/LSUI/test/GT/4004.jpg
LSUI,4005.jpg,Moderate,7.142219066619873,15.34499740600586,17.237051010131836,/data2/users/zhangxu/ISP/6_UIR/Datasets/LSUI/test/input/4005.jpg,/data2/users/zhangxu/ISP/6_UIR/Datasets/LSUI/test/GT/4005.jpg
LSUI,4006.jpg,Severe,8.204176902770996,15.676081657409668,17.128293991088867,/data2/users/zhangxu/ISP/6_UIR/Datasets/LSUI/test/input/4006.jpg,/data2/users/zhangxu/ISP/6_UIR/Datasets/LSUI/test/GT/4006.jpg
LSUI,4007.jpg,Moderate,5.983578681945801,14.729853630065918,16.50284194946289,/data2/users/zhangxu/ISP/6_UIR/Datasets/LSUI/test/input/4007.jpg,/data2/users/zhangxu/ISP/6_UIR/Datasets/LSUI/test/GT/4007.jpg
LSUI,4008.jpg,Moderate,7.077466011047363,18.620086669921875,19.566875457763672,/data2/users/zhangxu/ISP/6_UIR/Datasets/LSUI/test/input/4008.jpg,/data2/users/zhangxu/ISP/6_UIR/Datasets/LSUI/test/GT/4008.jpg
LSUI,4009.jpg,Mild,3.8136162757873535,7.506557464599609,10.822925567626953,/data2/users/zhangxu/ISP/6_UIR/Datasets/LSUI/test/input/4009.jpg,/data2/users/zhangxu/ISP/6_UIR/Datasets/LSUI/test/GT/4009.jpg
LSUI,4010.jpg,Moderate,7.371936321258545,15.23823070526123,16.555667877197266,/data2/users/zhangxu/ISP/6_UIR/Datasets/LSUI/test/input/4010.jpg,/data2/users/zhangxu/ISP/6_UIR/Datasets/LSUI/test/GT/4010.jpg
LSUI,4011.jpg,Moderate,6.98835563659668,12.5950927734375,14.734903335571289,/data2/users/zhangxu/ISP/6_UIR/Datasets/LSUI/test/input/4011.jpg,/data2/users/zhangxu/ISP/6_UIR/Datasets/LSUI/test/GT/4011.jpg
LSUI,4012.jpg,Mild,4.780290126800537,22.25597381591797,22.89469337463379,/data2/users/zhangxu/ISP/6_UIR/Datasets/LSUI/test/input/4012.jpg,/data2/users/zhangxu/ISP/6_UIR/Datasets/LSUI/test/GT/4012.jpg
LSUI,4013.jpg,Mild,5.88251256942749,15.805686950683594,16.4742431640625,/data2/users/zhangxu/ISP/6_UIR/Datasets/LSUI/test/input/4013.jpg,/data2/users/zhangxu/ISP/6_UIR/Datasets/LSUI/test/GT/4013.jpg
LSUI,4014.jpg,Moderate,6.120448112487793,17.753408432006836,18.67340850830078,/data2/users/zhangxu/ISP/6_UIR/Datasets/LSUI/test/input/4014.jpg,/data2/users/zhangxu/ISP/6_UIR/Datasets/LSUI/test/GT/4014.jpg
LSUI,4015.jpg,Mild,5.938263893127441,14.471076965332031,15.77011775970459,/data2/users/zhangxu/ISP/6_UIR/Datasets/LSUI/test/input/4015.jpg,/data2/users/zhangxu/ISP/6_UIR/Datasets/LSUI/test/GT/4015.jpg
LSUI,4016.jpg,Moderate,7.021871089935303,10.043523788452148,11.400666236877441,/data2/users/zhangxu/ISP/6_UIR/Datasets/LSUI/test/input/4016.jpg,/data2/users/zhangxu/ISP/6_UIR/Datasets/LSUI/test/GT/4016.jpg
LSUI,4017.jpg,Moderate,7.123383045196533,13.96138858795166,15.626194953918457,/data2/users/zhangxu/ISP/6_UIR/Datasets/LSUI/test/input/4017.jpg,/data2/users/zhangxu/ISP/6_UIR/Datasets/LSUI/test/GT/4017.jpg
LSUI,4018.jpg,Severe,7.99863862991333,13.759520530700684,15.467063903808594,/data2/users/zhangxu/ISP/6_UIR/Datasets/LSUI/test/input/4018.jpg,/data2/users/zhangxu/ISP/6_UIR/Datasets/LSUI/test/GT/4018.jpg
LSUI,4019.jpg,Mild,3.246859073638916,15.238759994506836,16.10267448425293,/data2/users/zhangxu/ISP/6_UIR/Datasets/LSUI/test/input/4019.jpg,/data2/users/zhangxu/ISP/6_UIR/Datasets/LSUI/test/GT/4019.jpg
LSUI,4020.jpg,Moderate,7.858482837677002,14.815773963928223,16.522716522216797,/data2/users/zhangxu/ISP/6_UIR/Datasets/LSUI/test/input/4020.jpg,/data2/users/zhangxu/ISP/6_UIR/Datasets/LSUI/test/GT/4020.jpg
LSUI,4021.jpg,Moderate,7.8203816413879395,11.833745956420898,14.784194946289062,/data2/users/zhangxu/ISP/6_UIR/Datasets/LSUI/test/input/4021.jpg,/data2/users/zhangxu/ISP/6_UIR/Datasets/LSUI/test/GT/4021.jpg
LSUI,4022.jpg,Mild,2.4422860145568848,18.94681739807129,19.441368103027344,/data2/users/zhangxu/ISP/6_UIR/Datasets/LSUI/test/input/4022.jpg,/data2/users/zhangxu/ISP/6_UIR/Datasets/LSUI/test/GT/4022.jpg
LSUI,4023.jpg,Mild,4.880586624145508,18.769512176513672,19.841777801513672,/data2/users/zhangxu/ISP/6_UIR/Datasets/LSUI/test/input/4023.jpg,/data2/users/zhangxu/ISP/6_UIR/Datasets/LSUI/test/GT/4023.jpg
LSUI,4024.jpg,Mild,5.9804911613464355,19.349376678466797,20.292850494384766,/data2/users/zhangxu/ISP/6_UIR/Datasets/LSUI/test/input/4024.jpg,/data2/users/zhangxu/ISP/6_UIR/Datasets/LSUI/test/GT/4024.jpg
LSUI,4025.jpg,Moderate,7.743285655975342,25.656177520751953,26.078571319580078,/data2/users/zhangxu/ISP/6_UIR/Datasets/LSUI/test/input/4025.jpg,/data2/users/zhangxu/ISP/6_UIR/Datasets/LSUI/test/GT/4025.jpg
LSUI,4026.jpg,Moderate,7.060817241668701,25.134798049926758,25.791765213012695,/data2/users/zhangxu/ISP/6_UIR/Datasets/LSUI/test/input/4026.jpg,/data2/users/zhangxu/ISP/6_UIR/Datasets/LSUI/test/GT/4026.jpg
LSUI,4027.jpg,Moderate,7.412188529968262,12.755745887756348,14.976593017578125,/data2/users/zhangxu/ISP/6_UIR/Datasets/LSUI/test/input/4027.jpg,/data2/users/zhangxu/ISP/6_UIR/Datasets/LSUI/test/GT/4027.jpg
LSUI,4028.jpg,Moderate,6.671209812164307,31.16764259338379,31.52640724182129,/data2/users/zhangxu/ISP/6_UIR/Datasets/LSUI/test/input/4028.jpg,/data2/users/zhangxu/ISP/6_UIR/Datasets/LSUI/test/GT/4028.jpg
LSUI,4029.jpg,Severe,8.336767196655273,15.328402519226074,16.817895889282227,/data2/users/zhangxu/ISP/6_UIR/Datasets/LSUI/test/input/4029.jpg,/data2/users/zhangxu/ISP/6_UIR/Datasets/LSUI/test/GT/4029.jpg
LSUI,4030.jpg,Moderate,6.506617546081543,16.43471908569336,17.53557014465332,/data2/users/zhangxu/ISP/6_UIR/Datasets/LSUI/test/input/4030.jpg,/data2/users/zhangxu/ISP/6_UIR/Datasets/LSUI/test/GT/4030.jpg
LSUI,4031.jpg,Mild,5.755914211273193,16.124343872070312,17.223487854003906,/data2/users/zhangxu/ISP/6_UIR/Datasets/LSUI/test/input/4031.jpg,/data2/users/zhangxu/ISP/6_UIR/Datasets/LSUI/test/GT/4031.jpg
LSUI,4032.jpg,Mild,5.450655937194824,13.846315383911133,15.22547721862793,/data2/users/zhangxu/ISP/6_UIR/Datasets/LSUI/test/input/4032.jpg,/data2/users/zhangxu/ISP/6_UIR/Datasets/LSUI/test/GT/4032.jpg
LSUI,4033.jpg,Moderate,7.377198219299316,19.701234817504883,21.259422302246094,/data2/users/zhangxu/ISP/6_UIR/Datasets/LSUI/test/input/4033.jpg,/data2/users/zhangxu/ISP/6_UIR/Datasets/LSUI/test/GT/4033.jpg
LSUI,4034.jpg,Mild,4.9652252197265625,19.134096145629883,20.161998748779297,/data2/users/zhangxu/ISP/6_UIR/Datasets/LSUI/test/input/4034.jpg,/data2/users/zhangxu/ISP/6_UIR/Datasets/LSUI/test/GT/4034.jpg
LSUI,4035.jpg,Moderate,6.737344741821289,12.898411750793457,13.977727890014648,/data2/users/zhangxu/ISP/6_UIR/Datasets/LSUI/test/input/4035.jpg,/data2/users/zhangxu/ISP/6_UIR/Datasets/LSUI/test/GT/4035.jpg
LSUI,4036.jpg,Mild,5.713453769683838,18.04351234436035,18.796348571777344,/data2/users/zhangxu/ISP/6_UIR/Datasets/LSUI/test/input/4036.jpg,/data2/users/zhangxu/ISP/6_UIR/Datasets/LSUI/test/GT/4036.jpg
LSUI,4037.jpg,Mild,2.854731798171997,24.45315170288086,25.00541114807129,/data2/users/zhangxu/ISP/6_UIR/Datasets/LSUI/test/input/4037.jpg,/data2/users/zhangxu/ISP/6_UIR/Datasets/LSUI/test/GT/4037.jpg
LSUI,4038.jpg,Mild,4.230754852294922,14.040830612182617,15.9609956741333,/data2/users/zhangxu/ISP/6_UIR/Datasets/LSUI/test/input/4038.jpg,/data2/users/zhangxu/ISP/6_UIR/Datasets/LSUI/test/GT/4038.jpg
LSUI,4039.jpg,Mild,4.053245544433594,14.675558090209961,15.950884819030762,/data2/users/zhangxu/ISP/6_UIR/Datasets/LSUI/test/input/4039.jpg,/data2/users/zhangxu/ISP/6_UIR/Datasets/LSUI/test/GT/4039.jpg
LSUI,4040.jpg,Severe,8.63021183013916,17.159088134765625,18.23834228515625,/data2/users/zhangxu/ISP/6_UIR/Datasets/LSUI/test/input/4040.jpg,/data2/users/zhangxu/ISP/6_UIR/Datasets/LSUI/test/GT/4040.jpg
LSUI,4041.jpg,Moderate,6.68104887008667,9.092073440551758,11.538019180297852,/data2/users/zhangxu/ISP/6_UIR/Datasets/LSUI/test/input/4041.jpg,/data2/users/zhangxu/ISP/6_UIR/Datasets/LSUI/test/GT/4041.jpg
LSUI,4042.jpg,Mild,3.945629596710205,35.41328048706055,35.570899963378906,/data2/users/zhangxu/ISP/6_UIR/Datasets/LSUI/test/input/4042.jpg,/data2/users/zhangxu/ISP/6_UIR/Datasets/LSUI/test/GT/4042.jpg
LSUI,4043.jpg,Mild,5.8959245681762695,12.724279403686523,14.5973482131958,/data2/users/zhangxu/ISP/6_UIR/Datasets/LSUI/test/input/4043.jpg,/data2/users/zhangxu/ISP/6_UIR/Datasets/LSUI/test/GT/4043.jpg
LSUI,4044.jpg,Mild,5.618427753448486,16.624887466430664,17.883569717407227,/data2/users/zhangxu/ISP/6_UIR/Datasets/LSUI/test/input/4044.jpg,/data2/users/zhangxu/ISP/6_UIR/Datasets/LSUI/test/GT/4044.jpg
LSUI,4045.jpg,Mild,4.738607406616211,17.29617691040039,18.29273796081543,/data2/users/zhangxu/ISP/6_UIR/Datasets/LSUI/test/input/4045.jpg,/data2/users/zhangxu/ISP/6_UIR/Datasets/LSUI/test/GT/4045.jpg
LSUI,4046.jpg,Moderate,7.249732971191406,14.200021743774414,15.85118579864502,/data2/users/zhangxu/ISP/6_UIR/Datasets/LSUI/test/input/4046.jpg,/data2/users/zhangxu/ISP/6_UIR/Datasets/LSUI/test/GT/4046.jpg
LSUI,4047.jpg,Mild,4.409542083740234,24.317073822021484,24.894054412841797,/data2/users/zhangxu/ISP/6_UIR/Datasets/LSUI/test/input/4047.jpg,/data2/users/zhangxu/ISP/6_UIR/Datasets/LSUI/test/GT/4047.jpg
LSUI,4048.jpg,Moderate,6.046258926391602,20.213685989379883,21.2797908782959,/data2/users/zhangxu/ISP/6_UIR/Datasets/LSUI/test/input/4048.jpg,/data2/users/zhangxu/ISP/6_UIR/Datasets/LSUI/test/GT/4048.jpg
LSUI,4049.jpg,Moderate,6.017709255218506,20.736888885498047,21.784408569335938,/data2/users/zhangxu/ISP/6_UIR/Datasets/LSUI/test/input/4049.jpg,/data2/users/zhangxu/ISP/6_UIR/Datasets/LSUI/test/GT/4049.jpg
LSUI,4050.jpg,Mild,4.853328704833984,15.48617935180664,16.773761749267578,/data2/users/zhangxu/ISP/6_UIR/Datasets/LSUI/test/input/4050.jpg,/data2/users/zhangxu/ISP/6_UIR/Datasets/LSUI/test/GT/4050.jpg
LSUI,4051.jpg,Mild,5.304409980773926,10.215516090393066,11.898564338684082,/data2/users/zhangxu/ISP/6_UIR/Datasets/LSUI/test/input/4051.jpg,/data2/users/zhangxu/ISP/6_UIR/Datasets/LSUI/test/GT/4051.jpg
LSUI,4052.jpg,Moderate,6.729787349700928,11.112714767456055,12.108268737792969,/data2/users/zhangxu/ISP/6_UIR/Datasets/LSUI/test/input/4052.jpg,/data2/users/zhangxu/ISP/6_UIR/Datasets/LSUI/test/GT/4052.jpg
LSUI,4053.jpg,Severe,9.078924179077148,14.219295501708984,15.537574768066406,/data2/users/zhangxu/ISP/6_UIR/Datasets/LSUI/test/input/4053.jpg,/data2/users/zhangxu/ISP/6_UIR/Datasets/LSUI/test/GT/4053.jpg
LSUI,4054.jpg,Mild,3.721860885620117,14.849343299865723,16.04395866394043,/data2/users/zhangxu/ISP/6_UIR/Datasets/LSUI/test/input/4054.jpg,/data2/users/zhangxu/ISP/6_UIR/Datasets/LSUI/test/GT/4054.jpg
LSUI,4055.jpg,Moderate,7.636536598205566,10.222601890563965,13.629703521728516,/data2/users/zhangxu/ISP/6_UIR/Datasets/LSUI/test/input/4055.jpg,/data2/users/zhangxu/ISP/6_UIR/Datasets/LSUI/test/GT/4055.jpg
LSUI,4056.jpg,Moderate,7.737483978271484,21.14398956298828,21.817737579345703,/data2/users/zhangxu/ISP/6_UIR/Datasets/LSUI/test/input/4056.jpg,/data2/users/zhangxu/ISP/6_UIR/Datasets/LSUI/test/GT/4056.jpg
LSUI,4057.jpg,Moderate,6.967933654785156,15.271894454956055,16.80963706970215,/data2/users/zhangxu/ISP/6_UIR/Datasets/LSUI/test/input/4057.jpg,/data2/users/zhangxu/ISP/6_UIR/Datasets/LSUI/test/GT/4057.jpg
LSUI,4058.jpg,Mild,5.898067474365234,19.010570526123047,20.342893600463867,/data2/users/zhangxu/ISP/6_UIR/Datasets/LSUI/test/input/4058.jpg,/data2/users/zhangxu/ISP/6_UIR/Datasets/LSUI/test/GT/4058.jpg
LSUI,4059.jpg,Mild,5.378448009490967,15.599213600158691,16.30282211303711,/data2/users/zhangxu/ISP/6_UIR/Datasets/LSUI/test/input/4059.jpg,/data2/users/zhangxu/ISP/6_UIR/Datasets/LSUI/test/GT/4059.jpg
LSUI,4060.jpg,Severe,8.881986618041992,13.867496490478516,15.184610366821289,/data2/users/zhangxu/ISP/6_UIR/Datasets/LSUI/test/input/4060.jpg,/data2/users/zhangxu/ISP/6_UIR/Datasets/LSUI/test/GT/4060.jpg
LSUI,4061.jpg,Moderate,6.848423480987549,20.00066375732422,20.718429565429688,/data2/users/zhangxu/ISP/6_UIR/Datasets/LSUI/test/input/4061.jpg,/data2/users/zhangxu/ISP/6_UIR/Datasets/LSUI/test/GT/4061.jpg
LSUI,4062.jpg,Mild,2.7296559810638428,24.363075256347656,24.671072006225586,/data2/users/zhangxu/ISP/6_UIR/Datasets/LSUI/test/input/4062.jpg,/data2/users/zhangxu/ISP/6_UIR/Datasets/LSUI/test/GT/4062.jpg
LSUI,4063.jpg,Moderate,7.768253803253174,9.878732681274414,12.800414085388184,/data2/users/zhangxu/ISP/6_UIR/Datasets/LSUI/test/input/4063.jpg,/data2/users/zhangxu/ISP/6_UIR/Datasets/LSUI/test/GT/4063.jpg
LSUI,4064.jpg,Severe,8.105140686035156,20.178302764892578,20.638301849365234,/data2/users/zhangxu/ISP/6_UIR/Datasets/LSUI/test/input/4064.jpg,/data2/users/zhangxu/ISP/6_UIR/Datasets/LSUI/test/GT/4064.jpg
LSUI,4065.jpg,Moderate,7.487331390380859,13.315511703491211,15.213878631591797,/data2/users/zhangxu/ISP/6_UIR/Datasets/LSUI/test/input/4065.jpg,/data2/users/zhangxu/ISP/6_UIR/Datasets/LSUI/test/GT/4065.jpg
LSUI,4066.jpg,Severe,8.075384140014648,13.767438888549805,16.446256637573242,/data2/users/zhangxu/ISP/6_UIR/Datasets/LSUI/test/input/4066.jpg,/data2/users/zhangxu/ISP/6_UIR/Datasets/LSUI/test/GT/4066.jpg
LSUI,4067.jpg,Mild,5.318682670593262,18.69534683227539,19.06209373474121,/data2/users/zhangxu/ISP/6_UIR/Datasets/LSUI/test/input/4067.jpg,/data2/users/zhangxu/ISP/6_UIR/Datasets/LSUI/test/GT/4067.jpg
LSUI,4068.jpg,Moderate,6.202587604522705,18.730514526367188,19.427860260009766,/data2/users/zhangxu/ISP/6_UIR/Datasets/LSUI/test/input/4068.jpg,/data2/users/zhangxu/ISP/6_UIR/Datasets/LSUI/test/GT/4068.jpg
LSUI,4069.jpg,Severe,8.289628028869629,15.628884315490723,17.65618896484375,/data2/users/zhangxu/ISP/6_UIR/Datasets/LSUI/test/input/4069.jpg,/data2/users/zhangxu/ISP/6_UIR/Datasets/LSUI/test/GT/4069.jpg
LSUI,4070.jpg,Severe,8.52232837677002,23.004905700683594,23.756380081176758,/data2/users/zhangxu/ISP/6_UIR/Datasets/LSUI/test/input/4070.jpg,/data2/users/zhangxu/ISP/6_UIR/Datasets/LSUI/test/GT/4070.jpg
LSUI,4071.jpg,Moderate,6.690062046051025,17.296812057495117,18.589508056640625,/data2/users/zhangxu/ISP/6_UIR/Datasets/LSUI/test/input/4071.jpg,/data2/users/zhangxu/ISP/6_UIR/Datasets/LSUI/test/GT/4071.jpg
LSUI,4072.jpg,Mild,5.5016093254089355,21.453657150268555,22.210416793823242,/data2/users/zhangxu/ISP/6_UIR/Datasets/LSUI/test/input/4072.jpg,/data2/users/zhangxu/ISP/6_UIR/Datasets/LSUI/test/GT/4072.jpg
LSUI,4073.jpg,Mild,5.941733360290527,15.680830955505371,16.755823135375977,/data2/users/zhangxu/ISP/6_UIR/Datasets/LSUI/test/input/4073.jpg,/data2/users/zhangxu/ISP/6_UIR/Datasets/LSUI/test/GT/4073.jpg
LSUI,4074.jpg,Mild,5.354857444763184,20.291532516479492,21.28539276123047,/data2/users/zhangxu/ISP/6_UIR/Datasets/LSUI/test/input/4074.jpg,/data2/users/zhangxu/ISP/6_UIR/Datasets/LSUI/test/GT/4074.jpg
LSUI,4075.jpg,Mild,5.51508903503418,20.33832359313965,21.2426815032959,/data2/users/zhangxu/ISP/6_UIR/Datasets/LSUI/test/input/4075.jpg,/data2/users/zhangxu/ISP/6_UIR/Datasets/LSUI/test/GT/4075.jpg
LSUI,4076.jpg,Moderate,7.060521125793457,21.135997772216797,21.869586944580078,/data2/users/zhangxu/ISP/6_UIR/Datasets/LSUI/test/input/4076.jpg,/data2/users/zhangxu/ISP/6_UIR/Datasets/LSUI/test/GT/4076.jpg
LSUI,4077.jpg,Moderate,6.5237250328063965,15.751272201538086,16.99139976501465,/data2/users/zhangxu/ISP/6_UIR/Datasets/LSUI/test/input/4077.jpg,/data2/users/zhangxu/ISP/6_UIR/Datasets/LSUI/test/GT/4077.jpg
LSUI,4078.jpg,Severe,8.87435245513916,6.698413372039795,8.283980369567871,/data2/users/zhangxu/ISP/6_UIR/Datasets/LSUI/test/input/4078.jpg,/data2/users/zhangxu/ISP/6_UIR/Datasets/LSUI/test/GT/4078.jpg
LSUI,4079.jpg,Moderate,6.3091139793396,18.250139236450195,19.735902786254883,/data2/users/zhangxu/ISP/6_UIR/Datasets/LSUI/test/input/4079.jpg,/data2/users/zhangxu/ISP/6_UIR/Datasets/LSUI/test/GT/4079.jpg
LSUI,4080.jpg,Mild,5.797423362731934,7.867305755615234,8.925324440002441,/data2/users/zhangxu/ISP/6_UIR/Datasets/LSUI/test/input/4080.jpg,/data2/users/zhangxu/ISP/6_UIR/Datasets/LSUI/test/GT/4080.jpg
LSUI,4081.jpg,Severe,9.112435340881348,11.950392723083496,15.494681358337402,/data2/users/zhangxu/ISP/6_UIR/Datasets/LSUI/test/input/4081.jpg,/data2/users/zhangxu/ISP/6_UIR/Datasets/LSUI/test/GT/4081.jpg
LSUI,4082.jpg,Severe,8.494996070861816,14.039724349975586,15.673922538757324,/data2/users/zhangxu/ISP/6_UIR/Datasets/LSUI/test/input/4082.jpg,/data2/users/zhangxu/ISP/6_UIR/Datasets/LSUI/test/GT/4082.jpg
LSUI,4083.jpg,Mild,5.389124393463135,20.055767059326172,20.79306983947754,/data2/users/zhangxu/ISP/6_UIR/Datasets/LSUI/test/input/4083.jpg,/data2/users/zhangxu/ISP/6_UIR/Datasets/LSUI/test/GT/4083.jpg
LSUI,4084.jpg,Mild,5.925849437713623,27.573280334472656,27.912212371826172,/data2/users/zhangxu/ISP/6_UIR/Datasets/LSUI/test/input/4084.jpg,/data2/users/zhangxu/ISP/6_UIR/Datasets/LSUI/test/GT/4084.jpg
LSUI,4085.jpg,Mild,3.8183999061584473,11.363994598388672,12.858439445495605,/data2/users/zhangxu/ISP/6_UIR/Datasets/LSUI/test/input/4085.jpg,/data2/users/zhangxu/ISP/6_UIR/Datasets/LSUI/test/GT/4085.jpg
LSUI,4086.jpg,Moderate,6.888302326202393,11.601910591125488,13.26378345489502,/data2/users/zhangxu/ISP/6_UIR/Datasets/LSUI/test/input/4086.jpg,/data2/users/zhangxu/ISP/6_UIR/Datasets/LSUI/test/GT/4086.jpg
LSUI,4087.jpg,Moderate,6.031511306762695,11.087028503417969,12.01236343383789,/data2/users/zhangxu/ISP/6_UIR/Datasets/LSUI/test/input/4087.jpg,/data2/users/zhangxu/ISP/6_UIR/Datasets/LSUI/test/GT/4087.jpg
LSUI,4088.jpg,Moderate,7.378610610961914,15.157665252685547,16.60107421875,/data2/users/zhangxu/ISP/6_UIR/Datasets/LSUI/test/input/4088.jpg,/data2/users/zhangxu/ISP/6_UIR/Datasets/LSUI/test/GT/4088.jpg
LSUI,4089.jpg,Moderate,7.2378716468811035,14.734672546386719,15.64885425567627,/data2/users/zhangxu/ISP/6_UIR/Datasets/LSUI/test/input/4089.jpg,/data2/users/zhangxu/ISP/6_UIR/Datasets/LSUI/test/GT/4089.jpg
LSUI,4090.jpg,Mild,5.149906158447266,17.580169677734375,18.60960578918457,/data2/users/zhangxu/ISP/6_UIR/Datasets/LSUI/test/input/4090.jpg,/data2/users/zhangxu/ISP/6_UIR/Datasets/LSUI/test/GT/4090.jpg
LSUI,4092.jpg,Severe,8.874665260314941,17.128633499145508,18.051788330078125,/data2/users/zhangxu/ISP/6_UIR/Datasets/LSUI/test/input/4092.jpg,/data2/users/zhangxu/ISP/6_UIR/Datasets/LSUI/test/GT/4092.jpg
LSUI,4919.jpg,Moderate,6.214876174926758,23.297664642333984,24.119157791137695,/data2/users/zhangxu/ISP/6_UIR/Datasets/LSUI/test/input/4919.jpg,/data2/users/zhangxu/ISP/6_UIR/Datasets/LSUI/test/GT/4919.jpg
LSUI,4920.jpg,Moderate,6.265665054321289,17.775558471679688,18.63695526123047,/data2/users/zhangxu/ISP/6_UIR/Datasets/LSUI/test/input/4920.jpg,/data2/users/zhangxu/ISP/6_UIR/Datasets/LSUI/test/GT/4920.jpg
LSUI,4921.jpg,Moderate,7.03098201751709,21.741605758666992,22.58470344543457,/data2/users/zhangxu/ISP/6_UIR/Datasets/LSUI/test/input/4921.jpg,/data2/users/zhangxu/ISP/6_UIR/Datasets/LSUI/test/GT/4921.jpg
LSUI,4922.jpg,Moderate,7.613189220428467,26.98135757446289,27.75694465637207,/data2/users/zhangxu/ISP/6_UIR/Datasets/LSUI/test/input/4922.jpg,/data2/users/zhangxu/ISP/6_UIR/Datasets/LSUI/test/GT/4922.jpg
LSUI,4923.jpg,Moderate,7.533243179321289,25.74591064453125,26.491174697875977,/data2/users/zhangxu/ISP/6_UIR/Datasets/LSUI/test/input/4923.jpg,/data2/users/zhangxu/ISP/6_UIR/Datasets/LSUI/test/GT/4923.jpg
LSUI,4924.jpg,Severe,8.164088249206543,26.379486083984375,27.091955184936523,/data2/users/zhangxu/ISP/6_UIR/Datasets/LSUI/test/input/4924.jpg,/data2/users/zhangxu/ISP/6_UIR/Datasets/LSUI/test/GT/4924.jpg
LSUI,4925.jpg,Moderate,7.68110466003418,25.73731803894043,26.345413208007812,/data2/users/zhangxu/ISP/6_UIR/Datasets/LSUI/test/input/4925.jpg,/data2/users/zhangxu/ISP/6_UIR/Datasets/LSUI/test/GT/4925.jpg
LSUI,4926.jpg,Mild,2.7219057083129883,21.620649337768555,21.669422149658203,/data2/users/zhangxu/ISP/6_UIR/Datasets/LSUI/test/input/4926.jpg,/data2/users/zhangxu/ISP/6_UIR/Datasets/LSUI/test/GT/4926.jpg
LSUI,4927.jpg,Moderate,7.401543617248535,27.06058120727539,27.746686935424805,/data2/users/zhangxu/ISP/6_UIR/Datasets/LSUI/test/input/4927.jpg,/data2/users/zhangxu/ISP/6_UIR/Datasets/LSUI/test/GT/4927.jpg
LSUI,4928.jpg,Moderate,6.677298069000244,27.571109771728516,28.232620239257812,/data2/users/zhangxu/ISP/6_UIR/Datasets/LSUI/test/input/4928.jpg,/data2/users/zhangxu/ISP/6_UIR/Datasets/LSUI/test/GT/4928.jpg
LSUI,4929.jpg,Moderate,6.6190900802612305,29.15641975402832,29.799509048461914,/data2/users/zhangxu/ISP/6_UIR/Datasets/LSUI/test/input/4929.jpg,/data2/users/zhangxu/ISP/6_UIR/Datasets/LSUI/test/GT/4929.jpg
LSUI,4930.jpg,Mild,5.809542655944824,27.949758529663086,28.567480087280273,/data2/users/zhangxu/ISP/6_UIR/Datasets/LSUI/test/input/4930.jpg,/data2/users/zhangxu/ISP/6_UIR/Datasets/LSUI/test/GT/4930.jpg
LSUI,4931.jpg,Moderate,6.091917991638184,27.70709991455078,28.29281997680664,/data2/users/zhangxu/ISP/6_UIR/Datasets/LSUI/test/input/4931.jpg,/data2/users/zhangxu/ISP/6_UIR/Datasets/LSUI/test/GT/4931.jpg
LSUI,4932.jpg,Moderate,6.559143543243408,26.070331573486328,26.66390609741211,/data2/users/zhangxu/ISP/6_UIR/Datasets/LSUI/test/input/4932.jpg,/data2/users/zhangxu/ISP/6_UIR/Datasets/LSUI/test/GT/4932.jpg
LSUI,4933.jpg,Moderate,6.327313423156738,25.26317596435547,25.799951553344727,/data2/users/zhangxu/ISP/6_UIR/Datasets/LSUI/test/input/4933.jpg,/data2/users/zhangxu/ISP/6_UIR/Datasets/LSUI/test/GT/4933.jpg
LSUI,4934.jpg,Mild,5.390283107757568,22.096153259277344,22.555694580078125,/data2/users/zhangxu/ISP/6_UIR/Datasets/LSUI/test/input/4934.jpg,/data2/users/zhangxu/ISP/6_UIR/Datasets/LSUI/test/GT/4934.jpg
LSUI,4935.jpg,Moderate,6.07161808013916,21.821170806884766,22.266979217529297,/data2/users/zhangxu/ISP/6_UIR/Datasets/LSUI/test/input/4935.jpg,/data2/users/zhangxu/ISP/6_UIR/Datasets/LSUI/test/GT/4935.jpg
LSUI,4936.jpg,Mild,5.685610294342041,20.274559020996094,20.690828323364258,/data2/users/zhangxu/ISP/6_UIR/Datasets/LSUI/test/input/4936.jpg,/data2/users/zhangxu/ISP/6_UIR/Datasets/LSUI/test/GT/4936.jpg
LSUI,4937.jpg,Mild,2.3312997817993164,19.523645401000977,19.544658660888672,/data2/users/zhangxu/ISP/6_UIR/Datasets/LSUI/test/input/4937.jpg,/data2/users/zhangxu/ISP/6_UIR/Datasets/LSUI/test/GT/4937.jpg
LSUI,4938.jpg,Moderate,7.763418197631836,23.59238052368164,24.014019012451172,/data2/users/zhangxu/ISP/6_UIR/Datasets/LSUI/test/input/4938.jpg,/data2/users/zhangxu/ISP/6_UIR/Datasets/LSUI/test/GT/4938.jpg
LSUI,4939.jpg,Moderate,6.769496440887451,22.23331069946289,22.688671112060547,/data2/users/zhangxu/ISP/6_UIR/Datasets/LSUI/test/input/4939.jpg,/data2/users/zhangxu/ISP/6_UIR/Datasets/LSUI/test/GT/4939.jpg
LSUI,4940.jpg,Moderate,5.988438606262207,20.18992042541504,20.60415267944336,/data2/users/zhangxu/ISP/6_UIR/Datasets/LSUI/test/input/4940.jpg,/data2/users/zhangxu/ISP/6_UIR/Datasets/LSUI/test/GT/4940.jpg
LSUI,4941.jpg,Mild,5.299111843109131,16.87155532836914,17.541645050048828,/data2/users/zhangxu/ISP/6_UIR/Datasets/LSUI/test/input/4941.jpg,/data2/users/zhangxu/ISP/6_UIR/Datasets/LSUI/test/GT/4941.jpg
LSUI,4942.jpg,Mild,5.393734931945801,21.001548767089844,21.585506439208984,/data2/users/zhangxu/ISP/6_UIR/Datasets/LSUI/test/input/4942.jpg,/data2/users/zhangxu/ISP/6_UIR/Datasets/LSUI/test/GT/4942.jpg
LSUI,4943.jpg,Mild,4.573794841766357,19.428512573242188,20.01798439025879,/data2/users/zhangxu/ISP/6_UIR/Datasets/LSUI/test/input/4943.jpg,/data2/users/zhangxu/ISP/6_UIR/Datasets/LSUI/test/GT/4943.jpg
LSUI,4944.jpg,Moderate,7.427051067352295,15.483366966247559,16.478965759277344,/data2/users/zhangxu/ISP/6_UIR/Datasets/LSUI/test/input/4944.jpg,/data2/users/zhangxu/ISP/6_UIR/Datasets/LSUI/test/GT/4944.jpg
LSUI,4945.jpg,Mild,2.331907033920288,19.681291580200195,19.703079223632812,/data2/users/zhangxu/ISP/6_UIR/Datasets/LSUI/test/input/4945.jpg,/data2/users/zhangxu/ISP/6_UIR/Datasets/LSUI/test/GT/4945.jpg
LSUI,4946.jpg,Mild,2.7262234687805176,18.231082916259766,18.254188537597656,/data2/users/zhangxu/ISP/6_UIR/Datasets/LSUI/test/input/4946.jpg,/data2/users/zhangxu/ISP/6_UIR/Datasets/LSUI/test/GT/4946.jpg
LSUI,4947.jpg,Mild,3.389648199081421,18.079692840576172,18.100820541381836,/data2/users/zhangxu/ISP/6_UIR/Datasets/LSUI/test/input/4947.jpg,/data2/users/zhangxu/ISP/6_UIR/Datasets/LSUI/test/GT/4947.jpg
LSUI,4948.jpg,Severe,8.243485450744629,19.27051544189453,19.308860778808594,/data2/users/zhangxu/ISP/6_UIR/Datasets/LSUI/test/input/4948.jpg,/data2/users/zhangxu/ISP/6_UIR/Datasets/LSUI/test/GT/4948.jpg
LSUI,5037.jpg,Moderate,6.526916980743408,26.891313552856445,27.20508575439453,/data2/users/zhangxu/ISP/6_UIR/Datasets/LSUI/test/input/5037.jpg,/data2/users/zhangxu/ISP/6_UIR/Datasets/LSUI/test/GT/5037.jpg
LSUI,5038.jpg,Mild,5.917257785797119,23.816600799560547,24.132322311401367,/data2/users/zhangxu/ISP/6_UIR/Datasets/LSUI/test/input/5038.jpg,/data2/users/zhangxu/ISP/6_UIR/Datasets/LSUI/test/GT/5038.jpg
LSUI,5039.jpg,Moderate,6.544849395751953,22.503711700439453,22.835020065307617,/data2/users/zhangxu/ISP/6_UIR/Datasets/LSUI/test/input/5039.jpg,/data2/users/zhangxu/ISP/6_UIR/Datasets/LSUI/test/GT/5039.jpg
